<?xml version='1.0' encoding='UTF-8' standalone='yes' ?><gpx version="1.1" creator="GPS-Essentials/Android/com.mictale.gpsessentials/4.2.28" xmlns="http://www.topografix.com/GPX/1/1" xmlns:x="http://www.gpsessentials.com/ns/gpx-ext/1/0"><metadata><name>kg-osh-116</name><desc></desc><time>2015-10-29T08:27:21.350Z</time></metadata><wpt lat="40.505714" lon="72.80203"><ele>1038.1</ele><extensions><x:speed>0.0</x:speed></extensions><time>2015-10-29T08:33:21.000Z</time><name>Track Recording Stopped</name><desc>Recording stopped at 3'36" because the user stopped it after 1.17km (60.6m gain).</desc></wpt><trk><name>Tracking android:f0503deb6017fd06</name><desc>Tracking recently started 2015/10/29 14:26</desc><number>4924</number><trkseg><trkpt lat="40.512913" lon="72.79381"><ele>1024.0</ele><extensions><x:speed>7.75</x:speed></extensions><time>2015-10-29T08:29:45.000Z</time></trkpt><trkpt lat="40.512947" lon="72.793915"><ele>1024.4</ele><extensions><x:speed>7.25</x:speed></extensions><time>2015-10-29T08:29:46.000Z</time></trkpt><trkpt lat="40.51297" lon="72.79401"><ele>1023.6</ele><extensions><x:speed>7.0</x:speed></extensions><time>2015-10-29T08:29:47.000Z</time></trkpt><trkpt lat="40.51301" lon="72.79409"><ele>1023.4</ele><extensions><x:speed>7.5</x:speed></extensions><time>2015-10-29T08:29:48.000Z</time></trkpt><trkpt lat="40.51303" lon="72.79416"><ele>1022.8</ele><extensions><x:speed>7.0</x:speed></extensions><time>2015-10-29T08:29:49.000Z</time></trkpt><trkpt lat="40.513073" lon="72.79426"><ele>1023.3</ele><extensions><x:speed>8.25</x:speed></extensions><time>2015-10-29T08:29:50.000Z</time></trkpt><trkpt lat="40.51311" lon="72.79434"><ele>1023.5</ele><extensions><x:speed>8.0</x:speed></extensions><time>2015-10-29T08:29:51.000Z</time></trkpt><trkpt lat="40.513153" lon="72.79442"><ele>1023.4</ele><extensions><x:speed>7.75</x:speed></extensions><time>2015-10-29T08:29:52.000Z</time></trkpt><trkpt lat="40.513233" lon="72.79457"><ele>1023.9</ele><extensions><x:speed>8.0</x:speed></extensions><time>2015-10-29T08:29:54.000Z</time></trkpt><trkpt lat="40.513264" lon="72.794685"><ele>1023.1</ele><extensions><x:speed>1.5</x:speed></extensions><time>2015-10-29T08:29:58.000Z</time></trkpt><trkpt lat="40.513306" lon="72.79469"><ele>1029.7</ele><extensions><x:speed>0.0</x:speed></extensions><time>2015-10-29T08:30:08.000Z</time></trkpt><trkpt lat="40.513325" lon="72.794846"><ele>1028.3</ele><extensions><x:speed>3.5</x:speed></extensions><time>2015-10-29T08:30:22.000Z</time></trkpt><trkpt lat="40.51334" lon="72.79503"><ele>1027.1</ele><extensions><x:speed>4.0</x:speed></extensions><time>2015-10-29T08:30:25.000Z</time></trkpt><trkpt lat="40.513233" lon="72.79523"><ele>1027.3</ele><extensions><x:speed>6.5</x:speed></extensions><time>2015-10-29T08:30:27.000Z</time></trkpt><trkpt lat="40.513107" lon="72.79536"><ele>1024.2</ele><extensions><x:speed>8.0</x:speed></extensions><time>2015-10-29T08:30:29.000Z</time></trkpt><trkpt lat="40.512993" lon="72.795494"><ele>1024.0</ele><extensions><x:speed>8.0</x:speed></extensions><time>2015-10-29T08:30:31.000Z</time></trkpt><trkpt lat="40.51286" lon="72.79567"><ele>1023.2</ele><extensions><x:speed>8.75</x:speed></extensions><time>2015-10-29T08:30:33.000Z</time></trkpt><trkpt lat="40.51275" lon="72.79582"><ele>1022.1</ele><extensions><x:speed>8.0</x:speed></extensions><time>2015-10-29T08:30:35.000Z</time></trkpt><trkpt lat="40.51267" lon="72.79592"><ele>1022.8</ele><extensions><x:speed>9.0</x:speed></extensions><time>2015-10-29T08:30:36.000Z</time></trkpt><trkpt lat="40.512486" lon="72.79615"><ele>1024.8</ele><extensions><x:speed>9.5</x:speed></extensions><time>2015-10-29T08:30:39.000Z</time></trkpt><trkpt lat="40.512394" lon="72.79624"><ele>1023.2</ele><extensions><x:speed>10.0</x:speed></extensions><time>2015-10-29T08:30:40.000Z</time></trkpt><trkpt lat="40.512245" lon="72.79643"><ele>1019.1</ele><extensions><x:speed>11.0</x:speed></extensions><time>2015-10-29T08:30:42.000Z</time></trkpt><trkpt lat="40.512093" lon="72.79657"><ele>1017.7</ele><extensions><x:speed>10.75</x:speed></extensions><time>2015-10-29T08:30:44.000Z</time></trkpt><trkpt lat="40.511974" lon="72.79673"><ele>1019.6</ele><extensions><x:speed>10.75</x:speed></extensions><time>2015-10-29T08:30:46.000Z</time></trkpt><trkpt lat="40.511845" lon="72.79693"><ele>1019.9</ele><extensions><x:speed>11.5</x:speed></extensions><time>2015-10-29T08:30:48.000Z</time></trkpt><trkpt lat="40.511726" lon="72.79713"><ele>1019.5</ele><extensions><x:speed>11.5</x:speed></extensions><time>2015-10-29T08:30:50.000Z</time></trkpt><trkpt lat="40.51154" lon="72.79731"><ele>1016.0</ele><extensions><x:speed>11.75</x:speed></extensions><time>2015-10-29T08:30:52.000Z</time></trkpt><trkpt lat="40.51138" lon="72.79747"><ele>1017.9</ele><extensions><x:speed>11.75</x:speed></extensions><time>2015-10-29T08:30:54.000Z</time></trkpt><trkpt lat="40.51123" lon="72.797615"><ele>1021.1</ele><extensions><x:speed>11.0</x:speed></extensions><time>2015-10-29T08:30:56.000Z</time></trkpt><trkpt lat="40.5111" lon="72.79776"><ele>1022.5</ele><extensions><x:speed>10.0</x:speed></extensions><time>2015-10-29T08:30:58.000Z</time></trkpt><trkpt lat="40.51095" lon="72.7979"><ele>1026.5</ele><extensions><x:speed>9.25</x:speed></extensions><time>2015-10-29T08:31:00.000Z</time></trkpt><trkpt lat="40.510857" lon="72.79797"><ele>1024.5</ele><extensions><x:speed>9.25</x:speed></extensions><time>2015-10-29T08:31:01.000Z</time></trkpt><trkpt lat="40.510777" lon="72.79806"><ele>1019.6</ele><extensions><x:speed>9.25</x:speed></extensions><time>2015-10-29T08:31:02.000Z</time></trkpt><trkpt lat="40.51064" lon="72.79819"><ele>1020.3</ele><extensions><x:speed>9.5</x:speed></extensions><time>2015-10-29T08:31:04.000Z</time></trkpt><trkpt lat="40.51049" lon="72.79829"><ele>1024.3</ele><extensions><x:speed>9.25</x:speed></extensions><time>2015-10-29T08:31:06.000Z</time></trkpt><trkpt lat="40.510365" lon="72.798386"><ele>1023.5</ele><extensions><x:speed>8.25</x:speed></extensions><time>2015-10-29T08:31:08.000Z</time></trkpt><trkpt lat="40.510223" lon="72.79847"><ele>1024.4</ele><extensions><x:speed>5.5</x:speed></extensions><time>2015-10-29T08:31:11.000Z</time></trkpt><trkpt lat="40.510067" lon="72.79857"><ele>1022.8</ele><extensions><x:speed>4.0</x:speed></extensions><time>2015-10-29T08:31:16.000Z</time></trkpt><trkpt lat="40.509975" lon="72.79865"><ele>1023.2</ele><extensions><x:speed>3.5</x:speed></extensions><time>2015-10-29T08:31:19.000Z</time></trkpt><trkpt lat="40.509872" lon="72.79872"><ele>1023.2</ele><extensions><x:speed>3.25</x:speed></extensions><time>2015-10-29T08:31:23.000Z</time></trkpt><trkpt lat="40.509754" lon="72.79879"><ele>1023.4</ele><extensions><x:speed>3.25</x:speed></extensions><time>2015-10-29T08:31:27.000Z</time></trkpt><trkpt lat="40.50962" lon="72.79889"><ele>1024.5</ele><extensions><x:speed>3.5</x:speed></extensions><time>2015-10-29T08:31:32.000Z</time></trkpt><trkpt lat="40.50949" lon="72.799"><ele>1025.7</ele><extensions><x:speed>3.5</x:speed></extensions><time>2015-10-29T08:31:37.000Z</time></trkpt><trkpt lat="40.509365" lon="72.79908"><ele>1027.3</ele><extensions><x:speed>3.0</x:speed></extensions><time>2015-10-29T08:31:42.000Z</time></trkpt><trkpt lat="40.509274" lon="72.79914"><ele>1028.4</ele><extensions><x:speed>4.0</x:speed></extensions><time>2015-10-29T08:31:45.000Z</time></trkpt><trkpt lat="40.50915" lon="72.799286"><ele>1031.5</ele><extensions><x:speed>5.5</x:speed></extensions><time>2015-10-29T08:31:47.000Z</time></trkpt><trkpt lat="40.50902" lon="72.799416"><ele>1033.3</ele><extensions><x:speed>6.75</x:speed></extensions><time>2015-10-29T08:31:49.000Z</time></trkpt><trkpt lat="40.50895" lon="72.7995"><ele>1025.3</ele><extensions><x:speed>3.5</x:speed></extensions><time>2015-10-29T08:32:09.000Z</time></trkpt><trkpt lat="40.508858" lon="72.799576"><ele>1023.5</ele><extensions><x:speed>4.5</x:speed></extensions><time>2015-10-29T08:32:11.000Z</time></trkpt><trkpt lat="40.508728" lon="72.79967"><ele>1023.7</ele><extensions><x:speed>5.75</x:speed></extensions><time>2015-10-29T08:32:14.000Z</time></trkpt><trkpt lat="40.50861" lon="72.79973"><ele>1025.1</ele><extensions><x:speed>6.25</x:speed></extensions><time>2015-10-29T08:32:16.000Z</time></trkpt><trkpt lat="40.508476" lon="72.79983"><ele>1024.1</ele><extensions><x:speed>6.75</x:speed></extensions><time>2015-10-29T08:32:19.000Z</time></trkpt><trkpt lat="40.50836" lon="72.799866"><ele>1024.9</ele><extensions><x:speed>7.0</x:speed></extensions><time>2015-10-29T08:32:21.000Z</time></trkpt><trkpt lat="40.508244" lon="72.79996"><ele>1025.4</ele><extensions><x:speed>7.75</x:speed></extensions><time>2015-10-29T08:32:23.000Z</time></trkpt><trkpt lat="40.508125" lon="72.80005"><ele>1024.7</ele><extensions><x:speed>7.75</x:speed></extensions><time>2015-10-29T08:32:25.000Z</time></trkpt><trkpt lat="40.50797" lon="72.80017"><ele>1028.2</ele><extensions><x:speed>8.25</x:speed></extensions><time>2015-10-29T08:32:27.000Z</time></trkpt><trkpt lat="40.507847" lon="72.800285"><ele>1030.3</ele><extensions><x:speed>7.0</x:speed></extensions><time>2015-10-29T08:32:29.000Z</time></trkpt><trkpt lat="40.507744" lon="72.80036"><ele>1033.0</ele><extensions><x:speed>7.0</x:speed></extensions><time>2015-10-29T08:32:31.000Z</time></trkpt><trkpt lat="40.507656" lon="72.800446"><ele>1032.9</ele><extensions><x:speed>6.5</x:speed></extensions><time>2015-10-29T08:32:33.000Z</time></trkpt><trkpt lat="40.507435" lon="72.80064"><ele>1033.7</ele><extensions><x:speed>6.75</x:speed></extensions><time>2015-10-29T08:32:37.000Z</time></trkpt><trkpt lat="40.507214" lon="72.8008"><ele>1034.3</ele><extensions><x:speed>7.5</x:speed></extensions><time>2015-10-29T08:32:41.000Z</time></trkpt><trkpt lat="40.507076" lon="72.800896"><ele>1036.0</ele><extensions><x:speed>8.0</x:speed></extensions><time>2015-10-29T08:32:43.000Z</time></trkpt><trkpt lat="40.506912" lon="72.801025"><ele>1036.5</ele><extensions><x:speed>9.25</x:speed></extensions><time>2015-10-29T08:32:45.000Z</time></trkpt><trkpt lat="40.506763" lon="72.80113"><ele>1037.0</ele><extensions><x:speed>9.5</x:speed></extensions><time>2015-10-29T08:32:47.000Z</time></trkpt><trkpt lat="40.506683" lon="72.80119"><ele>1037.4</ele><extensions><x:speed>10.0</x:speed></extensions><time>2015-10-29T08:32:48.000Z</time></trkpt><trkpt lat="40.506603" lon="72.801254"><ele>1037.5</ele><extensions><x:speed>10.25</x:speed></extensions><time>2015-10-29T08:32:49.000Z</time></trkpt><trkpt lat="40.506523" lon="72.80132"><ele>1038.2</ele><extensions><x:speed>10.25</x:speed></extensions><time>2015-10-29T08:32:50.000Z</time></trkpt><trkpt lat="40.506435" lon="72.80139"><ele>1039.2</ele><extensions><x:speed>9.75</x:speed></extensions><time>2015-10-29T08:32:51.000Z</time></trkpt><trkpt lat="40.506363" lon="72.80144"><ele>1039.0</ele><extensions><x:speed>9.5</x:speed></extensions><time>2015-10-29T08:32:52.000Z</time></trkpt><trkpt lat="40.50629" lon="72.80149"><ele>1039.9</ele><extensions><x:speed>9.25</x:speed></extensions><time>2015-10-29T08:32:53.000Z</time></trkpt><trkpt lat="40.506153" lon="72.8016"><ele>1040.4</ele><extensions><x:speed>8.25</x:speed></extensions><time>2015-10-29T08:32:55.000Z</time></trkpt><trkpt lat="40.506035" lon="72.80168"><ele>1041.2</ele><extensions><x:speed>7.75</x:speed></extensions><time>2015-10-29T08:32:57.000Z</time></trkpt><trkpt lat="40.50589" lon="72.80182"><ele>1041.3</ele><extensions><x:speed>6.5</x:speed></extensions><time>2015-10-29T08:33:00.000Z</time></trkpt><trkpt lat="40.505833" lon="72.80188"><ele>1041.2</ele><extensions><x:speed>4.25</x:speed></extensions><time>2015-10-29T08:33:02.000Z</time></trkpt><trkpt lat="40.50579" lon="72.80193"><ele>1041.6</ele><extensions><x:speed>3.25</x:speed></extensions><time>2015-10-29T08:33:04.000Z</time></trkpt><trkpt lat="40.50576" lon="72.801956"><ele>1041.2</ele><extensions><x:speed>3.0</x:speed></extensions><time>2015-10-29T08:33:05.000Z</time></trkpt><trkpt lat="40.50572" lon="72.80196"><ele>1041.7</ele><extensions><x:speed>2.5</x:speed></extensions><time>2015-10-29T08:33:07.000Z</time></trkpt><trkpt lat="40.505695" lon="72.80201"><ele>1039.2</ele><extensions><x:speed>0.75</x:speed></extensions><time>2015-10-29T08:33:13.000Z</time></trkpt><trkpt lat="40.505714" lon="72.80203"><ele>1038.1</ele><extensions><x:speed>0.0</x:speed></extensions><time>2015-10-29T08:33:21.000Z</time></trkpt></trkseg></trk></gpx>
