<?xml version='1.0' encoding='UTF-8' standalone='yes' ?><gpx version="1.1" creator="GPS-Essentials/Android/com.mictale.gpsessentials/4.2.28" xmlns="http://www.topografix.com/GPX/1/1" xmlns:x="http://www.gpsessentials.com/ns/gpx-ext/1/0"><metadata><name>kg-osh-101</name><desc></desc><time>2015-10-29T07:22:51.571Z</time></metadata><wpt lat="40.535004" lon="72.7929"><ele>977.2</ele><extensions><x:speed>0.0</x:speed></extensions><time>2015-10-29T07:45:45.000Z</time><name>Track Recording Stopped</name><desc>Recording stopped at 26'03" because the user stopped it after 6.59km (263m gain).</desc></wpt><trk><name>Tracking android:f0503deb6017fd06</name><desc>Tracking recently started 2015/10/29 13:15</desc><number>3776</number><trkseg><trkpt lat="40.494686" lon="72.819244"><ele>1023.5</ele><extensions><x:speed>0.0</x:speed></extensions><time>2015-10-29T07:19:42.000Z</time></trkpt><trkpt lat="40.49471" lon="72.81939"><ele>1028.3</ele><extensions><x:speed>0.0</x:speed></extensions><time>2015-10-29T07:19:50.000Z</time></trkpt><trkpt lat="40.494614" lon="72.819435"><ele>1029.4</ele><extensions><x:speed>0.0</x:speed></extensions><time>2015-10-29T07:20:27.000Z</time></trkpt><trkpt lat="40.494663" lon="72.819534"><ele>1034.1</ele><extensions><x:speed>0.5</x:speed></extensions><time>2015-10-29T07:22:49.000Z</time></trkpt><trkpt lat="40.494694" lon="72.81963"><ele>1037.4</ele><extensions><x:speed>1.0</x:speed></extensions><time>2015-10-29T07:22:53.000Z</time></trkpt><trkpt lat="40.494682" lon="72.81964"><ele>1034.4</ele><extensions><x:speed>0.0</x:speed></extensions><time>2015-10-29T07:23:05.000Z</time></trkpt><trkpt lat="40.494686" lon="72.819626"><ele>1037.7</ele><extensions><x:speed>0.0</x:speed></extensions><time>2015-10-29T07:23:15.000Z</time></trkpt><trkpt lat="40.494713" lon="72.819664"><ele>1038.1</ele><extensions><x:speed>1.25</x:speed></extensions><time>2015-10-29T07:23:36.000Z</time></trkpt><trkpt lat="40.494717" lon="72.8197"><ele>1038.4</ele><extensions><x:speed>0.5</x:speed></extensions><time>2015-10-29T07:23:44.000Z</time></trkpt><trkpt lat="40.494747" lon="72.81973"><ele>1039.4</ele><extensions><x:speed>1.5</x:speed></extensions><time>2015-10-29T07:23:47.000Z</time></trkpt><trkpt lat="40.49478" lon="72.81976"><ele>1037.7</ele><extensions><x:speed>1.0</x:speed></extensions><time>2015-10-29T07:23:51.000Z</time></trkpt><trkpt lat="40.494747" lon="72.8198"><ele>1036.4</ele><extensions><x:speed>0.75</x:speed></extensions><time>2015-10-29T07:24:18.000Z</time></trkpt><trkpt lat="40.494736" lon="72.81983"><ele>1036.6</ele><extensions><x:speed>0.0</x:speed></extensions><time>2015-10-29T07:24:30.000Z</time></trkpt><trkpt lat="40.494705" lon="72.81988"><ele>1036.6</ele><extensions><x:speed>1.0</x:speed></extensions><time>2015-10-29T07:24:35.000Z</time></trkpt><trkpt lat="40.494644" lon="72.81987"><ele>1035.7</ele><extensions><x:speed>1.0</x:speed></extensions><time>2015-10-29T07:24:40.000Z</time></trkpt><trkpt lat="40.49461" lon="72.81981"><ele>1037.1</ele><extensions><x:speed>3.25</x:speed></extensions><time>2015-10-29T07:24:52.000Z</time></trkpt><trkpt lat="40.49443" lon="72.81954"><ele>1037.8</ele><extensions><x:speed>6.25</x:speed></extensions><time>2015-10-29T07:24:56.000Z</time></trkpt><trkpt lat="40.49432" lon="72.819405"><ele>1038.0</ele><extensions><x:speed>7.75</x:speed></extensions><time>2015-10-29T07:24:58.000Z</time></trkpt><trkpt lat="40.49429" lon="72.819336"><ele>1038.2</ele><extensions><x:speed>8.0</x:speed></extensions><time>2015-10-29T07:24:59.000Z</time></trkpt><trkpt lat="40.494232" lon="72.819275"><ele>1038.1</ele><extensions><x:speed>8.25</x:speed></extensions><time>2015-10-29T07:25:00.000Z</time></trkpt><trkpt lat="40.49416" lon="72.81919"><ele>1038.0</ele><extensions><x:speed>8.75</x:speed></extensions><time>2015-10-29T07:25:01.000Z</time></trkpt><trkpt lat="40.494095" lon="72.8191"><ele>1038.8</ele><extensions><x:speed>9.25</x:speed></extensions><time>2015-10-29T07:25:02.000Z</time></trkpt><trkpt lat="40.494026" lon="72.819016"><ele>1038.8</ele><extensions><x:speed>9.5</x:speed></extensions><time>2015-10-29T07:25:03.000Z</time></trkpt><trkpt lat="40.493908" lon="72.81883"><ele>1039.0</ele><extensions><x:speed>10.0</x:speed></extensions><time>2015-10-29T07:25:05.000Z</time></trkpt><trkpt lat="40.493843" lon="72.81874"><ele>1039.0</ele><extensions><x:speed>10.0</x:speed></extensions><time>2015-10-29T07:25:06.000Z</time></trkpt><trkpt lat="40.49379" lon="72.81865"><ele>1039.2</ele><extensions><x:speed>10.0</x:speed></extensions><time>2015-10-29T07:25:07.000Z</time></trkpt><trkpt lat="40.493732" lon="72.81857"><ele>1038.6</ele><extensions><x:speed>10.0</x:speed></extensions><time>2015-10-29T07:25:08.000Z</time></trkpt><trkpt lat="40.493664" lon="72.81849"><ele>1038.3</ele><extensions><x:speed>10.0</x:speed></extensions><time>2015-10-29T07:25:09.000Z</time></trkpt><trkpt lat="40.49361" lon="72.81837"><ele>1038.2</ele><extensions><x:speed>10.5</x:speed></extensions><time>2015-10-29T07:25:10.000Z</time></trkpt><trkpt lat="40.49351" lon="72.81822"><ele>1038.6</ele><extensions><x:speed>9.25</x:speed></extensions><time>2015-10-29T07:25:12.000Z</time></trkpt><trkpt lat="40.493317" lon="72.8179"><ele>1039.5</ele><extensions><x:speed>10.75</x:speed></extensions><time>2015-10-29T07:25:15.000Z</time></trkpt><trkpt lat="40.4932" lon="72.817726"><ele>1039.3</ele><extensions><x:speed>10.25</x:speed></extensions><time>2015-10-29T07:25:17.000Z</time></trkpt><trkpt lat="40.493153" lon="72.8176"><ele>1040.5</ele><extensions><x:speed>10.75</x:speed></extensions><time>2015-10-29T07:25:18.000Z</time></trkpt><trkpt lat="40.493073" lon="72.81755"><ele>1040.4</ele><extensions><x:speed>11.0</x:speed></extensions><time>2015-10-29T07:25:19.000Z</time></trkpt><trkpt lat="40.49299" lon="72.81748"><ele>1040.5</ele><extensions><x:speed>11.25</x:speed></extensions><time>2015-10-29T07:25:20.000Z</time></trkpt><trkpt lat="40.492878" lon="72.81726"><ele>1042.5</ele><extensions><x:speed>11.5</x:speed></extensions><time>2015-10-29T07:25:22.000Z</time></trkpt><trkpt lat="40.492813" lon="72.81713"><ele>1043.6</ele><extensions><x:speed>11.75</x:speed></extensions><time>2015-10-29T07:25:23.000Z</time></trkpt><trkpt lat="40.492752" lon="72.81703"><ele>1046.0</ele><extensions><x:speed>11.0</x:speed></extensions><time>2015-10-29T07:25:24.000Z</time></trkpt><trkpt lat="40.492725" lon="72.81688"><ele>1046.3</ele><extensions><x:speed>10.5</x:speed></extensions><time>2015-10-29T07:25:25.000Z</time></trkpt><trkpt lat="40.492695" lon="72.81677"><ele>1047.9</ele><extensions><x:speed>9.25</x:speed></extensions><time>2015-10-29T07:25:26.000Z</time></trkpt><trkpt lat="40.49263" lon="72.81665"><ele>1049.9</ele><extensions><x:speed>6.0</x:speed></extensions><time>2015-10-29T07:25:28.000Z</time></trkpt><trkpt lat="40.492596" lon="72.81653"><ele>1052.0</ele><extensions><x:speed>3.5</x:speed></extensions><time>2015-10-29T07:25:30.000Z</time></trkpt><trkpt lat="40.492588" lon="72.81666"><ele>1056.8</ele><extensions><x:speed>1.75</x:speed></extensions><time>2015-10-29T07:25:36.000Z</time></trkpt><trkpt lat="40.492664" lon="72.81674"><ele>1057.3</ele><extensions><x:speed>4.25</x:speed></extensions><time>2015-10-29T07:25:40.000Z</time></trkpt><trkpt lat="40.49274" lon="72.81691"><ele>1057.1</ele><extensions><x:speed>7.0</x:speed></extensions><time>2015-10-29T07:25:42.000Z</time></trkpt><trkpt lat="40.49291" lon="72.81719"><ele>1057.2</ele><extensions><x:speed>9.75</x:speed></extensions><time>2015-10-29T07:25:45.000Z</time></trkpt><trkpt lat="40.493015" lon="72.81737"><ele>1057.5</ele><extensions><x:speed>9.25</x:speed></extensions><time>2015-10-29T07:25:47.000Z</time></trkpt><trkpt lat="40.493134" lon="72.81758"><ele>1057.1</ele><extensions><x:speed>10.5</x:speed></extensions><time>2015-10-29T07:25:49.000Z</time></trkpt><trkpt lat="40.49326" lon="72.81779"><ele>1056.2</ele><extensions><x:speed>11.25</x:speed></extensions><time>2015-10-29T07:25:51.000Z</time></trkpt><trkpt lat="40.49333" lon="72.81789"><ele>1056.1</ele><extensions><x:speed>10.75</x:speed></extensions><time>2015-10-29T07:25:52.000Z</time></trkpt><trkpt lat="40.493404" lon="72.817986"><ele>1056.6</ele><extensions><x:speed>11.0</x:speed></extensions><time>2015-10-29T07:25:53.000Z</time></trkpt><trkpt lat="40.493538" lon="72.81816"><ele>1056.2</ele><extensions><x:speed>11.5</x:speed></extensions><time>2015-10-29T07:25:55.000Z</time></trkpt><trkpt lat="40.493595" lon="72.81827"><ele>1054.7</ele><extensions><x:speed>11.25</x:speed></extensions><time>2015-10-29T07:25:56.000Z</time></trkpt><trkpt lat="40.493744" lon="72.81849"><ele>1056.0</ele><extensions><x:speed>12.0</x:speed></extensions><time>2015-10-29T07:25:58.000Z</time></trkpt><trkpt lat="40.493816" lon="72.8186"><ele>1055.6</ele><extensions><x:speed>12.0</x:speed></extensions><time>2015-10-29T07:25:59.000Z</time></trkpt><trkpt lat="40.493942" lon="72.81884"><ele>1055.0</ele><extensions><x:speed>12.75</x:speed></extensions><time>2015-10-29T07:26:01.000Z</time></trkpt><trkpt lat="40.494003" lon="72.81896"><ele>1055.3</ele><extensions><x:speed>12.75</x:speed></extensions><time>2015-10-29T07:26:02.000Z</time></trkpt><trkpt lat="40.494076" lon="72.81908"><ele>1055.7</ele><extensions><x:speed>12.5</x:speed></extensions><time>2015-10-29T07:26:03.000Z</time></trkpt><trkpt lat="40.49416" lon="72.8192"><ele>1054.3</ele><extensions><x:speed>12.75</x:speed></extensions><time>2015-10-29T07:26:04.000Z</time></trkpt><trkpt lat="40.49426" lon="72.81932"><ele>1051.9</ele><extensions><x:speed>13.5</x:speed></extensions><time>2015-10-29T07:26:05.000Z</time></trkpt><trkpt lat="40.49433" lon="72.819435"><ele>1050.8</ele><extensions><x:speed>12.5</x:speed></extensions><time>2015-10-29T07:26:06.000Z</time></trkpt><trkpt lat="40.49445" lon="72.819664"><ele>1047.2</ele><extensions><x:speed>11.75</x:speed></extensions><time>2015-10-29T07:26:08.000Z</time></trkpt><trkpt lat="40.494514" lon="72.81976"><ele>1045.9</ele><extensions><x:speed>11.5</x:speed></extensions><time>2015-10-29T07:26:09.000Z</time></trkpt><trkpt lat="40.49464" lon="72.81995"><ele>1046.3</ele><extensions><x:speed>10.25</x:speed></extensions><time>2015-10-29T07:26:11.000Z</time></trkpt><trkpt lat="40.494713" lon="72.8201"><ele>1045.9</ele><extensions><x:speed>8.0</x:speed></extensions><time>2015-10-29T07:26:13.000Z</time></trkpt><trkpt lat="40.494766" lon="72.82023"><ele>1038.9</ele><extensions><x:speed>2.75</x:speed></extensions><time>2015-10-29T07:26:16.000Z</time></trkpt><trkpt lat="40.49486" lon="72.82032"><ele>1042.7</ele><extensions><x:speed>3.25</x:speed></extensions><time>2015-10-29T07:26:28.000Z</time></trkpt><trkpt lat="40.49497" lon="72.82029"><ele>1041.6</ele><extensions><x:speed>2.75</x:speed></extensions><time>2015-10-29T07:26:32.000Z</time></trkpt><trkpt lat="40.494995" lon="72.82027"><ele>1042.6</ele><extensions><x:speed>2.25</x:speed></extensions><time>2015-10-29T07:26:34.000Z</time></trkpt><trkpt lat="40.495014" lon="72.82026"><ele>1045.6</ele><extensions><x:speed>2.75</x:speed></extensions><time>2015-10-29T07:26:35.000Z</time></trkpt><trkpt lat="40.495083" lon="72.82023"><ele>1044.7</ele><extensions><x:speed>4.5</x:speed></extensions><time>2015-10-29T07:26:37.000Z</time></trkpt><trkpt lat="40.49513" lon="72.82021"><ele>1046.3</ele><extensions><x:speed>5.0</x:speed></extensions><time>2015-10-29T07:26:38.000Z</time></trkpt><trkpt lat="40.49519" lon="72.82019"><ele>1045.9</ele><extensions><x:speed>5.5</x:speed></extensions><time>2015-10-29T07:26:39.000Z</time></trkpt><trkpt lat="40.495308" lon="72.82013"><ele>1043.9</ele><extensions><x:speed>6.75</x:speed></extensions><time>2015-10-29T07:26:41.000Z</time></trkpt><trkpt lat="40.495354" lon="72.8201"><ele>1042.7</ele><extensions><x:speed>6.5</x:speed></extensions><time>2015-10-29T07:26:42.000Z</time></trkpt><trkpt lat="40.495407" lon="72.82008"><ele>1042.5</ele><extensions><x:speed>5.25</x:speed></extensions><time>2015-10-29T07:26:43.000Z</time></trkpt><trkpt lat="40.495457" lon="72.820045"><ele>1041.9</ele><extensions><x:speed>3.25</x:speed></extensions><time>2015-10-29T07:26:45.000Z</time></trkpt><trkpt lat="40.495518" lon="72.82002"><ele>1040.7</ele><extensions><x:speed>4.5</x:speed></extensions><time>2015-10-29T07:27:01.000Z</time></trkpt><trkpt lat="40.49557" lon="72.82"><ele>1040.9</ele><extensions><x:speed>4.75</x:speed></extensions><time>2015-10-29T07:27:02.000Z</time></trkpt><trkpt lat="40.49573" lon="72.81992"><ele>1038.7</ele><extensions><x:speed>5.75</x:speed></extensions><time>2015-10-29T07:27:05.000Z</time></trkpt><trkpt lat="40.495903" lon="72.81983"><ele>1034.0</ele><extensions><x:speed>7.0</x:speed></extensions><time>2015-10-29T07:27:08.000Z</time></trkpt><trkpt lat="40.49597" lon="72.81979"><ele>1034.0</ele><extensions><x:speed>8.0</x:speed></extensions><time>2015-10-29T07:27:09.000Z</time></trkpt><trkpt lat="40.496044" lon="72.81976"><ele>1034.4</ele><extensions><x:speed>8.0</x:speed></extensions><time>2015-10-29T07:27:10.000Z</time></trkpt><trkpt lat="40.496117" lon="72.81972"><ele>1035.2</ele><extensions><x:speed>8.5</x:speed></extensions><time>2015-10-29T07:27:11.000Z</time></trkpt><trkpt lat="40.496193" lon="72.81969"><ele>1034.8</ele><extensions><x:speed>8.75</x:speed></extensions><time>2015-10-29T07:27:12.000Z</time></trkpt><trkpt lat="40.496284" lon="72.819664"><ele>1033.9</ele><extensions><x:speed>9.25</x:speed></extensions><time>2015-10-29T07:27:13.000Z</time></trkpt><trkpt lat="40.49649" lon="72.81959"><ele>1036.3</ele><extensions><x:speed>10.75</x:speed></extensions><time>2015-10-29T07:27:15.000Z</time></trkpt><trkpt lat="40.49658" lon="72.81955"><ele>1036.4</ele><extensions><x:speed>10.5</x:speed></extensions><time>2015-10-29T07:27:16.000Z</time></trkpt><trkpt lat="40.49666" lon="72.81951"><ele>1035.1</ele><extensions><x:speed>10.75</x:speed></extensions><time>2015-10-29T07:27:17.000Z</time></trkpt><trkpt lat="40.496758" lon="72.81946"><ele>1034.1</ele><extensions><x:speed>11.5</x:speed></extensions><time>2015-10-29T07:27:18.000Z</time></trkpt><trkpt lat="40.496845" lon="72.81943"><ele>1034.1</ele><extensions><x:speed>10.75</x:speed></extensions><time>2015-10-29T07:27:19.000Z</time></trkpt><trkpt lat="40.49692" lon="72.81939"><ele>1033.7</ele><extensions><x:speed>10.0</x:speed></extensions><time>2015-10-29T07:27:20.000Z</time></trkpt><trkpt lat="40.497025" lon="72.81935"><ele>1033.5</ele><extensions><x:speed>11.25</x:speed></extensions><time>2015-10-29T07:27:21.000Z</time></trkpt><trkpt lat="40.49712" lon="72.81931"><ele>1034.0</ele><extensions><x:speed>10.25</x:speed></extensions><time>2015-10-29T07:27:22.000Z</time></trkpt><trkpt lat="40.49721" lon="72.81927"><ele>1034.6</ele><extensions><x:speed>10.0</x:speed></extensions><time>2015-10-29T07:27:23.000Z</time></trkpt><trkpt lat="40.4973" lon="72.81924"><ele>1033.3</ele><extensions><x:speed>9.5</x:speed></extensions><time>2015-10-29T07:27:24.000Z</time></trkpt><trkpt lat="40.497383" lon="72.8192"><ele>1034.0</ele><extensions><x:speed>9.5</x:speed></extensions><time>2015-10-29T07:27:25.000Z</time></trkpt><trkpt lat="40.497536" lon="72.81913"><ele>1033.7</ele><extensions><x:speed>9.75</x:speed></extensions><time>2015-10-29T07:27:27.000Z</time></trkpt><trkpt lat="40.497623" lon="72.81908"><ele>1033.8</ele><extensions><x:speed>10.0</x:speed></extensions><time>2015-10-29T07:27:28.000Z</time></trkpt><trkpt lat="40.497696" lon="72.819046"><ele>1033.6</ele><extensions><x:speed>9.75</x:speed></extensions><time>2015-10-29T07:27:29.000Z</time></trkpt><trkpt lat="40.49776" lon="72.81901"><ele>1033.4</ele><extensions><x:speed>10.0</x:speed></extensions><time>2015-10-29T07:27:30.000Z</time></trkpt><trkpt lat="40.497852" lon="72.818954"><ele>1036.7</ele><extensions><x:speed>10.5</x:speed></extensions><time>2015-10-29T07:27:31.000Z</time></trkpt><trkpt lat="40.498077" lon="72.81885"><ele>1036.7</ele><extensions><x:speed>5.75</x:speed></extensions><time>2015-10-29T07:27:34.000Z</time></trkpt><trkpt lat="40.498264" lon="72.81872"><ele>1036.2</ele><extensions><x:speed>6.75</x:speed></extensions><time>2015-10-29T07:27:54.000Z</time></trkpt><trkpt lat="40.4984" lon="72.81866"><ele>1034.7</ele><extensions><x:speed>7.75</x:speed></extensions><time>2015-10-29T07:27:56.000Z</time></trkpt><trkpt lat="40.49855" lon="72.818565"><ele>1034.9</ele><extensions><x:speed>8.5</x:speed></extensions><time>2015-10-29T07:27:58.000Z</time></trkpt><trkpt lat="40.4987" lon="72.8185"><ele>1033.3</ele><extensions><x:speed>9.5</x:speed></extensions><time>2015-10-29T07:28:00.000Z</time></trkpt><trkpt lat="40.49889" lon="72.81842"><ele>1033.9</ele><extensions><x:speed>10.25</x:speed></extensions><time>2015-10-29T07:28:02.000Z</time></trkpt><trkpt lat="40.499065" lon="72.81835"><ele>1035.0</ele><extensions><x:speed>10.5</x:speed></extensions><time>2015-10-29T07:28:04.000Z</time></trkpt><trkpt lat="40.49934" lon="72.81826"><ele>1033.5</ele><extensions><x:speed>9.0</x:speed></extensions><time>2015-10-29T07:28:07.000Z</time></trkpt><trkpt lat="40.499573" lon="72.81814"><ele>1032.7</ele><extensions><x:speed>7.75</x:speed></extensions><time>2015-10-29T07:28:10.000Z</time></trkpt><trkpt lat="40.499683" lon="72.81809"><ele>1027.5</ele><extensions><x:speed>4.5</x:speed></extensions><time>2015-10-29T07:28:22.000Z</time></trkpt><trkpt lat="40.499805" lon="72.81801"><ele>1025.5</ele><extensions><x:speed>7.25</x:speed></extensions><time>2015-10-29T07:28:24.000Z</time></trkpt><trkpt lat="40.50008" lon="72.817825"><ele>1025.6</ele><extensions><x:speed>8.75</x:speed></extensions><time>2015-10-29T07:28:28.000Z</time></trkpt><trkpt lat="40.500286" lon="72.81765"><ele>1026.8</ele><extensions><x:speed>9.5</x:speed></extensions><time>2015-10-29T07:28:31.000Z</time></trkpt><trkpt lat="40.50045" lon="72.81754"><ele>1026.6</ele><extensions><x:speed>9.75</x:speed></extensions><time>2015-10-29T07:28:33.000Z</time></trkpt><trkpt lat="40.500603" lon="72.817406"><ele>1025.4</ele><extensions><x:speed>9.25</x:speed></extensions><time>2015-10-29T07:28:35.000Z</time></trkpt><trkpt lat="40.500767" lon="72.8173"><ele>1026.4</ele><extensions><x:speed>10.5</x:speed></extensions><time>2015-10-29T07:28:37.000Z</time></trkpt><trkpt lat="40.500946" lon="72.817154"><ele>1022.5</ele><extensions><x:speed>10.75</x:speed></extensions><time>2015-10-29T07:28:39.000Z</time></trkpt><trkpt lat="40.501125" lon="72.81705"><ele>1022.8</ele><extensions><x:speed>10.75</x:speed></extensions><time>2015-10-29T07:28:41.000Z</time></trkpt><trkpt lat="40.501274" lon="72.81694"><ele>1022.5</ele><extensions><x:speed>10.0</x:speed></extensions><time>2015-10-29T07:28:43.000Z</time></trkpt><trkpt lat="40.501522" lon="72.81674"><ele>1021.9</ele><extensions><x:speed>10.5</x:speed></extensions><time>2015-10-29T07:28:46.000Z</time></trkpt><trkpt lat="40.501606" lon="72.81668"><ele>1021.5</ele><extensions><x:speed>9.75</x:speed></extensions><time>2015-10-29T07:28:47.000Z</time></trkpt><trkpt lat="40.501766" lon="72.81658"><ele>1021.4</ele><extensions><x:speed>9.75</x:speed></extensions><time>2015-10-29T07:28:49.000Z</time></trkpt><trkpt lat="40.501915" lon="72.81648"><ele>1022.5</ele><extensions><x:speed>9.75</x:speed></extensions><time>2015-10-29T07:28:51.000Z</time></trkpt><trkpt lat="40.502075" lon="72.81638"><ele>1025.8</ele><extensions><x:speed>10.25</x:speed></extensions><time>2015-10-29T07:28:53.000Z</time></trkpt><trkpt lat="40.502262" lon="72.81627"><ele>1024.7</ele><extensions><x:speed>11.25</x:speed></extensions><time>2015-10-29T07:28:55.000Z</time></trkpt><trkpt lat="40.502365" lon="72.816216"><ele>1024.7</ele><extensions><x:speed>11.0</x:speed></extensions><time>2015-10-29T07:28:56.000Z</time></trkpt><trkpt lat="40.502445" lon="72.81616"><ele>1025.4</ele><extensions><x:speed>10.0</x:speed></extensions><time>2015-10-29T07:28:57.000Z</time></trkpt><trkpt lat="40.502598" lon="72.81606"><ele>1027.6</ele><extensions><x:speed>9.5</x:speed></extensions><time>2015-10-29T07:28:59.000Z</time></trkpt><trkpt lat="40.50269" lon="72.816"><ele>1026.2</ele><extensions><x:speed>10.0</x:speed></extensions><time>2015-10-29T07:29:00.000Z</time></trkpt><trkpt lat="40.502853" lon="72.815956"><ele>1027.6</ele><extensions><x:speed>9.5</x:speed></extensions><time>2015-10-29T07:29:02.000Z</time></trkpt><trkpt lat="40.50302" lon="72.81584"><ele>1024.8</ele><extensions><x:speed>10.0</x:speed></extensions><time>2015-10-29T07:29:04.000Z</time></trkpt><trkpt lat="40.50312" lon="72.81578"><ele>1031.4</ele><extensions><x:speed>10.25</x:speed></extensions><time>2015-10-29T07:29:05.000Z</time></trkpt><trkpt lat="40.503292" lon="72.81571"><ele>1028.9</ele><extensions><x:speed>10.25</x:speed></extensions><time>2015-10-29T07:29:07.000Z</time></trkpt><trkpt lat="40.503387" lon="72.81567"><ele>1027.9</ele><extensions><x:speed>10.25</x:speed></extensions><time>2015-10-29T07:29:08.000Z</time></trkpt><trkpt lat="40.50357" lon="72.81559"><ele>1025.2</ele><extensions><x:speed>10.25</x:speed></extensions><time>2015-10-29T07:29:10.000Z</time></trkpt><trkpt lat="40.503757" lon="72.81553"><ele>1026.1</ele><extensions><x:speed>10.75</x:speed></extensions><time>2015-10-29T07:29:12.000Z</time></trkpt><trkpt lat="40.503937" lon="72.815445"><ele>1029.2</ele><extensions><x:speed>10.75</x:speed></extensions><time>2015-10-29T07:29:14.000Z</time></trkpt><trkpt lat="40.504032" lon="72.8154"><ele>1027.8</ele><extensions><x:speed>11.25</x:speed></extensions><time>2015-10-29T07:29:15.000Z</time></trkpt><trkpt lat="40.50414" lon="72.81535"><ele>1027.2</ele><extensions><x:speed>11.25</x:speed></extensions><time>2015-10-29T07:29:16.000Z</time></trkpt><trkpt lat="40.504257" lon="72.81533"><ele>1027.7</ele><extensions><x:speed>11.75</x:speed></extensions><time>2015-10-29T07:29:17.000Z</time></trkpt><trkpt lat="40.504368" lon="72.8153"><ele>1027.2</ele><extensions><x:speed>11.75</x:speed></extensions><time>2015-10-29T07:29:18.000Z</time></trkpt><trkpt lat="40.504574" lon="72.815216"><ele>1027.8</ele><extensions><x:speed>11.5</x:speed></extensions><time>2015-10-29T07:29:20.000Z</time></trkpt><trkpt lat="40.504723" lon="72.815125"><ele>1026.3</ele><extensions><x:speed>10.5</x:speed></extensions><time>2015-10-29T07:29:22.000Z</time></trkpt><trkpt lat="40.5048" lon="72.81506"><ele>1025.7</ele><extensions><x:speed>10.75</x:speed></extensions><time>2015-10-29T07:29:23.000Z</time></trkpt><trkpt lat="40.504883" lon="72.81501"><ele>1026.4</ele><extensions><x:speed>10.5</x:speed></extensions><time>2015-10-29T07:29:24.000Z</time></trkpt><trkpt lat="40.504986" lon="72.814964"><ele>1028.8</ele><extensions><x:speed>10.5</x:speed></extensions><time>2015-10-29T07:29:25.000Z</time></trkpt><trkpt lat="40.505173" lon="72.81488"><ele>1028.3</ele><extensions><x:speed>10.5</x:speed></extensions><time>2015-10-29T07:29:27.000Z</time></trkpt><trkpt lat="40.505337" lon="72.81482"><ele>1026.9</ele><extensions><x:speed>9.25</x:speed></extensions><time>2015-10-29T07:29:29.000Z</time></trkpt><trkpt lat="40.50547" lon="72.81476"><ele>1026.2</ele><extensions><x:speed>7.0</x:speed></extensions><time>2015-10-29T07:29:31.000Z</time></trkpt><trkpt lat="40.50556" lon="72.81472"><ele>1026.1</ele><extensions><x:speed>4.5</x:speed></extensions><time>2015-10-29T07:29:33.000Z</time></trkpt><trkpt lat="40.50567" lon="72.81467"><ele>1018.2</ele><extensions><x:speed>2.5</x:speed></extensions><time>2015-10-29T07:29:53.000Z</time></trkpt><trkpt lat="40.505688" lon="72.814514"><ele>1018.1</ele><extensions><x:speed>3.5</x:speed></extensions><time>2015-10-29T07:29:57.000Z</time></trkpt><trkpt lat="40.505627" lon="72.81435"><ele>1017.3</ele><extensions><x:speed>6.25</x:speed></extensions><time>2015-10-29T07:29:59.000Z</time></trkpt><trkpt lat="40.50558" lon="72.81427"><ele>1017.1</ele><extensions><x:speed>7.0</x:speed></extensions><time>2015-10-29T07:30:00.000Z</time></trkpt><trkpt lat="40.50546" lon="72.814026"><ele>1016.5</ele><extensions><x:speed>7.75</x:speed></extensions><time>2015-10-29T07:30:03.000Z</time></trkpt><trkpt lat="40.505383" lon="72.81383"><ele>1017.1</ele><extensions><x:speed>8.25</x:speed></extensions><time>2015-10-29T07:30:05.000Z</time></trkpt><trkpt lat="40.505337" lon="72.813774"><ele>1017.3</ele><extensions><x:speed>7.0</x:speed></extensions><time>2015-10-29T07:30:06.000Z</time></trkpt><trkpt lat="40.50524" lon="72.81357"><ele>1017.6</ele><extensions><x:speed>6.0</x:speed></extensions><time>2015-10-29T07:30:09.000Z</time></trkpt><trkpt lat="40.505245" lon="72.81342"><ele>1015.9</ele><extensions><x:speed>4.25</x:speed></extensions><time>2015-10-29T07:30:12.000Z</time></trkpt><trkpt lat="40.505325" lon="72.81339"><ele>1016.9</ele><extensions><x:speed>5.75</x:speed></extensions><time>2015-10-29T07:30:13.000Z</time></trkpt><trkpt lat="40.505386" lon="72.81337"><ele>1016.0</ele><extensions><x:speed>6.75</x:speed></extensions><time>2015-10-29T07:30:14.000Z</time></trkpt><trkpt lat="40.505444" lon="72.81333"><ele>1015.4</ele><extensions><x:speed>6.75</x:speed></extensions><time>2015-10-29T07:30:15.000Z</time></trkpt><trkpt lat="40.5055" lon="72.81329"><ele>1015.3</ele><extensions><x:speed>6.75</x:speed></extensions><time>2015-10-29T07:30:16.000Z</time></trkpt><trkpt lat="40.50555" lon="72.81323"><ele>1015.6</ele><extensions><x:speed>7.0</x:speed></extensions><time>2015-10-29T07:30:17.000Z</time></trkpt><trkpt lat="40.505615" lon="72.81318"><ele>1016.4</ele><extensions><x:speed>7.0</x:speed></extensions><time>2015-10-29T07:30:18.000Z</time></trkpt><trkpt lat="40.50565" lon="72.81315"><ele>1017.7</ele><extensions><x:speed>6.75</x:speed></extensions><time>2015-10-29T07:30:19.000Z</time></trkpt><trkpt lat="40.5057" lon="72.8131"><ele>1017.4</ele><extensions><x:speed>6.75</x:speed></extensions><time>2015-10-29T07:30:20.000Z</time></trkpt><trkpt lat="40.5058" lon="72.813"><ele>1018.1</ele><extensions><x:speed>7.25</x:speed></extensions><time>2015-10-29T07:30:22.000Z</time></trkpt><trkpt lat="40.505848" lon="72.812965"><ele>1019.0</ele><extensions><x:speed>7.25</x:speed></extensions><time>2015-10-29T07:30:23.000Z</time></trkpt><trkpt lat="40.50591" lon="72.812904"><ele>1018.6</ele><extensions><x:speed>8.0</x:speed></extensions><time>2015-10-29T07:30:24.000Z</time></trkpt><trkpt lat="40.505974" lon="72.812836"><ele>1017.8</ele><extensions><x:speed>8.25</x:speed></extensions><time>2015-10-29T07:30:25.000Z</time></trkpt><trkpt lat="40.50603" lon="72.812775"><ele>1017.7</ele><extensions><x:speed>8.0</x:speed></extensions><time>2015-10-29T07:30:26.000Z</time></trkpt><trkpt lat="40.50609" lon="72.81273"><ele>1016.2</ele><extensions><x:speed>8.25</x:speed></extensions><time>2015-10-29T07:30:27.000Z</time></trkpt><trkpt lat="40.506157" lon="72.812675"><ele>1016.2</ele><extensions><x:speed>8.75</x:speed></extensions><time>2015-10-29T07:30:28.000Z</time></trkpt><trkpt lat="40.50622" lon="72.812614"><ele>1015.3</ele><extensions><x:speed>9.0</x:speed></extensions><time>2015-10-29T07:30:29.000Z</time></trkpt><trkpt lat="40.5063" lon="72.812546"><ele>1015.5</ele><extensions><x:speed>9.5</x:speed></extensions><time>2015-10-29T07:30:30.000Z</time></trkpt><trkpt lat="40.506382" lon="72.81247"><ele>1015.4</ele><extensions><x:speed>9.5</x:speed></extensions><time>2015-10-29T07:30:31.000Z</time></trkpt><trkpt lat="40.50646" lon="72.81241"><ele>1015.6</ele><extensions><x:speed>9.75</x:speed></extensions><time>2015-10-29T07:30:32.000Z</time></trkpt><trkpt lat="40.506527" lon="72.81235"><ele>1017.1</ele><extensions><x:speed>9.75</x:speed></extensions><time>2015-10-29T07:30:33.000Z</time></trkpt><trkpt lat="40.506603" lon="72.81229"><ele>1017.7</ele><extensions><x:speed>10.0</x:speed></extensions><time>2015-10-29T07:30:34.000Z</time></trkpt><trkpt lat="40.506756" lon="72.81216"><ele>1018.4</ele><extensions><x:speed>9.75</x:speed></extensions><time>2015-10-29T07:30:36.000Z</time></trkpt><trkpt lat="40.50683" lon="72.81209"><ele>1017.9</ele><extensions><x:speed>9.75</x:speed></extensions><time>2015-10-29T07:30:37.000Z</time></trkpt><trkpt lat="40.506924" lon="72.81202"><ele>1018.9</ele><extensions><x:speed>11.0</x:speed></extensions><time>2015-10-29T07:30:38.000Z</time></trkpt><trkpt lat="40.506992" lon="72.81195"><ele>1019.2</ele><extensions><x:speed>10.0</x:speed></extensions><time>2015-10-29T07:30:39.000Z</time></trkpt><trkpt lat="40.50707" lon="72.81189"><ele>1018.8</ele><extensions><x:speed>10.25</x:speed></extensions><time>2015-10-29T07:30:40.000Z</time></trkpt><trkpt lat="40.507145" lon="72.81181"><ele>1019.2</ele><extensions><x:speed>10.25</x:speed></extensions><time>2015-10-29T07:30:41.000Z</time></trkpt><trkpt lat="40.507225" lon="72.811745"><ele>1019.0</ele><extensions><x:speed>10.25</x:speed></extensions><time>2015-10-29T07:30:42.000Z</time></trkpt><trkpt lat="40.507286" lon="72.811676"><ele>1017.8</ele><extensions><x:speed>9.75</x:speed></extensions><time>2015-10-29T07:30:43.000Z</time></trkpt><trkpt lat="40.507362" lon="72.81161"><ele>1017.8</ele><extensions><x:speed>10.0</x:speed></extensions><time>2015-10-29T07:30:44.000Z</time></trkpt><trkpt lat="40.507435" lon="72.81155"><ele>1017.5</ele><extensions><x:speed>9.75</x:speed></extensions><time>2015-10-29T07:30:45.000Z</time></trkpt><trkpt lat="40.507504" lon="72.81149"><ele>1017.2</ele><extensions><x:speed>9.25</x:speed></extensions><time>2015-10-29T07:30:46.000Z</time></trkpt><trkpt lat="40.507565" lon="72.81144"><ele>1017.2</ele><extensions><x:speed>8.25</x:speed></extensions><time>2015-10-29T07:30:47.000Z</time></trkpt><trkpt lat="40.507614" lon="72.81139"><ele>1016.3</ele><extensions><x:speed>7.25</x:speed></extensions><time>2015-10-29T07:30:48.000Z</time></trkpt><trkpt lat="40.50766" lon="72.811356"><ele>1016.5</ele><extensions><x:speed>6.25</x:speed></extensions><time>2015-10-29T07:30:49.000Z</time></trkpt><trkpt lat="40.507687" lon="72.81132"><ele>1014.7</ele><extensions><x:speed>5.25</x:speed></extensions><time>2015-10-29T07:30:50.000Z</time></trkpt><trkpt lat="40.507748" lon="72.811264"><ele>1014.2</ele><extensions><x:speed>3.75</x:speed></extensions><time>2015-10-29T07:30:52.000Z</time></trkpt><trkpt lat="40.50777" lon="72.81123"><ele>1014.2</ele><extensions><x:speed>2.0</x:speed></extensions><time>2015-10-29T07:30:54.000Z</time></trkpt><trkpt lat="40.5078" lon="72.81122"><ele>1013.6</ele><extensions><x:speed>0.75</x:speed></extensions><time>2015-10-29T07:30:57.000Z</time></trkpt><trkpt lat="40.507843" lon="72.811195"><ele>1012.7</ele><extensions><x:speed>1.75</x:speed></extensions><time>2015-10-29T07:31:04.000Z</time></trkpt><trkpt lat="40.507866" lon="72.81117"><ele>1013.2</ele><extensions><x:speed>2.25</x:speed></extensions><time>2015-10-29T07:31:05.000Z</time></trkpt><trkpt lat="40.507904" lon="72.81114"><ele>1012.8</ele><extensions><x:speed>4.25</x:speed></extensions><time>2015-10-29T07:31:06.000Z</time></trkpt><trkpt lat="40.50795" lon="72.811104"><ele>1014.0</ele><extensions><x:speed>5.0</x:speed></extensions><time>2015-10-29T07:31:07.000Z</time></trkpt><trkpt lat="40.508026" lon="72.81105"><ele>1014.7</ele><extensions><x:speed>5.25</x:speed></extensions><time>2015-10-29T07:31:08.000Z</time></trkpt><trkpt lat="40.508076" lon="72.811005"><ele>1016.4</ele><extensions><x:speed>6.25</x:speed></extensions><time>2015-10-29T07:31:09.000Z</time></trkpt><trkpt lat="40.50812" lon="72.81097"><ele>1016.1</ele><extensions><x:speed>6.0</x:speed></extensions><time>2015-10-29T07:31:10.000Z</time></trkpt><trkpt lat="40.508163" lon="72.810936"><ele>1016.5</ele><extensions><x:speed>5.5</x:speed></extensions><time>2015-10-29T07:31:11.000Z</time></trkpt><trkpt lat="40.50819" lon="72.8109"><ele>1016.0</ele><extensions><x:speed>4.25</x:speed></extensions><time>2015-10-29T07:31:12.000Z</time></trkpt><trkpt lat="40.50822" lon="72.81087"><ele>1015.7</ele><extensions><x:speed>4.0</x:speed></extensions><time>2015-10-29T07:31:13.000Z</time></trkpt><trkpt lat="40.50828" lon="72.810814"><ele>1015.1</ele><extensions><x:speed>4.25</x:speed></extensions><time>2015-10-29T07:31:15.000Z</time></trkpt><trkpt lat="40.508343" lon="72.810745"><ele>1014.5</ele><extensions><x:speed>6.25</x:speed></extensions><time>2015-10-29T07:31:17.000Z</time></trkpt><trkpt lat="40.508385" lon="72.8107"><ele>1014.4</ele><extensions><x:speed>7.0</x:speed></extensions><time>2015-10-29T07:31:18.000Z</time></trkpt><trkpt lat="40.50844" lon="72.81063"><ele>1013.7</ele><extensions><x:speed>8.0</x:speed></extensions><time>2015-10-29T07:31:19.000Z</time></trkpt><trkpt lat="40.508514" lon="72.81057"><ele>1012.3</ele><extensions><x:speed>9.25</x:speed></extensions><time>2015-10-29T07:31:20.000Z</time></trkpt><trkpt lat="40.508595" lon="72.8105"><ele>1011.5</ele><extensions><x:speed>10.25</x:speed></extensions><time>2015-10-29T07:31:21.000Z</time></trkpt><trkpt lat="40.50868" lon="72.81043"><ele>1011.2</ele><extensions><x:speed>11.0</x:speed></extensions><time>2015-10-29T07:31:22.000Z</time></trkpt><trkpt lat="40.508766" lon="72.81036"><ele>1013.1</ele><extensions><x:speed>11.5</x:speed></extensions><time>2015-10-29T07:31:23.000Z</time></trkpt><trkpt lat="40.508846" lon="72.81028"><ele>1012.3</ele><extensions><x:speed>11.5</x:speed></extensions><time>2015-10-29T07:31:24.000Z</time></trkpt><trkpt lat="40.508934" lon="72.8102"><ele>1012.8</ele><extensions><x:speed>11.75</x:speed></extensions><time>2015-10-29T07:31:25.000Z</time></trkpt><trkpt lat="40.50914" lon="72.81002"><ele>1013.5</ele><extensions><x:speed>12.5</x:speed></extensions><time>2015-10-29T07:31:27.000Z</time></trkpt><trkpt lat="40.50923" lon="72.80993"><ele>1013.6</ele><extensions><x:speed>12.25</x:speed></extensions><time>2015-10-29T07:31:28.000Z</time></trkpt><trkpt lat="40.50934" lon="72.809845"><ele>1014.6</ele><extensions><x:speed>12.5</x:speed></extensions><time>2015-10-29T07:31:29.000Z</time></trkpt><trkpt lat="40.50943" lon="72.80978"><ele>1013.4</ele><extensions><x:speed>12.25</x:speed></extensions><time>2015-10-29T07:31:30.000Z</time></trkpt><trkpt lat="40.509518" lon="72.8097"><ele>1013.6</ele><extensions><x:speed>12.0</x:speed></extensions><time>2015-10-29T07:31:31.000Z</time></trkpt><trkpt lat="40.509613" lon="72.80963"><ele>1013.3</ele><extensions><x:speed>11.75</x:speed></extensions><time>2015-10-29T07:31:32.000Z</time></trkpt><trkpt lat="40.509705" lon="72.80955"><ele>1014.2</ele><extensions><x:speed>11.5</x:speed></extensions><time>2015-10-29T07:31:33.000Z</time></trkpt><trkpt lat="40.509785" lon="72.80948"><ele>1014.4</ele><extensions><x:speed>11.25</x:speed></extensions><time>2015-10-29T07:31:34.000Z</time></trkpt><trkpt lat="40.509876" lon="72.8094"><ele>1014.0</ele><extensions><x:speed>11.25</x:speed></extensions><time>2015-10-29T07:31:35.000Z</time></trkpt><trkpt lat="40.50996" lon="72.809326"><ele>1014.2</ele><extensions><x:speed>11.0</x:speed></extensions><time>2015-10-29T07:31:36.000Z</time></trkpt><trkpt lat="40.510036" lon="72.80925"><ele>1014.6</ele><extensions><x:speed>10.5</x:speed></extensions><time>2015-10-29T07:31:37.000Z</time></trkpt><trkpt lat="40.51012" lon="72.80918"><ele>1014.2</ele><extensions><x:speed>10.25</x:speed></extensions><time>2015-10-29T07:31:38.000Z</time></trkpt><trkpt lat="40.510193" lon="72.80911"><ele>1013.6</ele><extensions><x:speed>10.0</x:speed></extensions><time>2015-10-29T07:31:39.000Z</time></trkpt><trkpt lat="40.51027" lon="72.80906"><ele>1014.2</ele><extensions><x:speed>9.75</x:speed></extensions><time>2015-10-29T07:31:40.000Z</time></trkpt><trkpt lat="40.510437" lon="72.80899"><ele>1014.9</ele><extensions><x:speed>9.75</x:speed></extensions><time>2015-10-29T07:31:42.000Z</time></trkpt><trkpt lat="40.510536" lon="72.808876"><ele>1016.0</ele><extensions><x:speed>7.5</x:speed></extensions><time>2015-10-29T07:31:44.000Z</time></trkpt><trkpt lat="40.51059" lon="72.80882"><ele>1015.8</ele><extensions><x:speed>7.5</x:speed></extensions><time>2015-10-29T07:31:45.000Z</time></trkpt><trkpt lat="40.510662" lon="72.808716"><ele>1015.6</ele><extensions><x:speed>6.5</x:speed></extensions><time>2015-10-29T07:31:47.000Z</time></trkpt><trkpt lat="40.510704" lon="72.80865"><ele>1015.2</ele><extensions><x:speed>6.75</x:speed></extensions><time>2015-10-29T07:31:48.000Z</time></trkpt><trkpt lat="40.510757" lon="72.80859"><ele>1016.1</ele><extensions><x:speed>7.5</x:speed></extensions><time>2015-10-29T07:31:49.000Z</time></trkpt><trkpt lat="40.51082" lon="72.80855"><ele>1014.6</ele><extensions><x:speed>7.75</x:speed></extensions><time>2015-10-29T07:31:50.000Z</time></trkpt><trkpt lat="40.510876" lon="72.8085"><ele>1016.2</ele><extensions><x:speed>7.5</x:speed></extensions><time>2015-10-29T07:31:51.000Z</time></trkpt><trkpt lat="40.510933" lon="72.80845"><ele>1015.1</ele><extensions><x:speed>8.0</x:speed></extensions><time>2015-10-29T07:31:52.000Z</time></trkpt><trkpt lat="40.510994" lon="72.808395"><ele>1014.0</ele><extensions><x:speed>8.5</x:speed></extensions><time>2015-10-29T07:31:53.000Z</time></trkpt><trkpt lat="40.511047" lon="72.80837"><ele>1013.6</ele><extensions><x:speed>7.5</x:speed></extensions><time>2015-10-29T07:31:54.000Z</time></trkpt><trkpt lat="40.51111" lon="72.80832"><ele>1012.8</ele><extensions><x:speed>6.75</x:speed></extensions><time>2015-10-29T07:31:55.000Z</time></trkpt><trkpt lat="40.511147" lon="72.80829"><ele>1015.1</ele><extensions><x:speed>5.0</x:speed></extensions><time>2015-10-29T07:31:56.000Z</time></trkpt><trkpt lat="40.511177" lon="72.80825"><ele>1016.6</ele><extensions><x:speed>0.0</x:speed></extensions><time>2015-10-29T07:32:03.000Z</time></trkpt><trkpt lat="40.511242" lon="72.8082"><ele>1016.0</ele><extensions><x:speed>4.5</x:speed></extensions><time>2015-10-29T07:32:05.000Z</time></trkpt><trkpt lat="40.511295" lon="72.80817"><ele>1015.1</ele><extensions><x:speed>4.75</x:speed></extensions><time>2015-10-29T07:32:06.000Z</time></trkpt><trkpt lat="40.511383" lon="72.808105"><ele>1014.0</ele><extensions><x:speed>5.25</x:speed></extensions><time>2015-10-29T07:32:08.000Z</time></trkpt><trkpt lat="40.51143" lon="72.80807"><ele>1014.1</ele><extensions><x:speed>6.0</x:speed></extensions><time>2015-10-29T07:32:09.000Z</time></trkpt><trkpt lat="40.511482" lon="72.80803"><ele>1013.3</ele><extensions><x:speed>6.25</x:speed></extensions><time>2015-10-29T07:32:10.000Z</time></trkpt><trkpt lat="40.51154" lon="72.807976"><ele>1015.0</ele><extensions><x:speed>6.25</x:speed></extensions><time>2015-10-29T07:32:11.000Z</time></trkpt><trkpt lat="40.51158" lon="72.80794"><ele>1015.7</ele><extensions><x:speed>6.0</x:speed></extensions><time>2015-10-29T07:32:12.000Z</time></trkpt><trkpt lat="40.51163" lon="72.80791"><ele>1015.4</ele><extensions><x:speed>6.0</x:speed></extensions><time>2015-10-29T07:32:13.000Z</time></trkpt><trkpt lat="40.511665" lon="72.80786"><ele>1015.7</ele><extensions><x:speed>5.75</x:speed></extensions><time>2015-10-29T07:32:14.000Z</time></trkpt><trkpt lat="40.511734" lon="72.80781"><ele>1017.0</ele><extensions><x:speed>3.75</x:speed></extensions><time>2015-10-29T07:32:16.000Z</time></trkpt><trkpt lat="40.511784" lon="72.807755"><ele>1015.8</ele><extensions><x:speed>5.0</x:speed></extensions><time>2015-10-29T07:32:17.000Z</time></trkpt><trkpt lat="40.511837" lon="72.80772"><ele>1015.3</ele><extensions><x:speed>4.75</x:speed></extensions><time>2015-10-29T07:32:18.000Z</time></trkpt><trkpt lat="40.511887" lon="72.807686"><ele>1015.0</ele><extensions><x:speed>4.75</x:speed></extensions><time>2015-10-29T07:32:19.000Z</time></trkpt><trkpt lat="40.511925" lon="72.807655"><ele>1015.2</ele><extensions><x:speed>4.75</x:speed></extensions><time>2015-10-29T07:32:20.000Z</time></trkpt><trkpt lat="40.51197" lon="72.80762"><ele>1016.9</ele><extensions><x:speed>5.0</x:speed></extensions><time>2015-10-29T07:32:21.000Z</time></trkpt><trkpt lat="40.512024" lon="72.80757"><ele>1017.8</ele><extensions><x:speed>5.0</x:speed></extensions><time>2015-10-29T07:32:22.000Z</time></trkpt><trkpt lat="40.5121" lon="72.80751"><ele>1017.8</ele><extensions><x:speed>4.0</x:speed></extensions><time>2015-10-29T07:32:24.000Z</time></trkpt><trkpt lat="40.512142" lon="72.80747"><ele>1017.5</ele><extensions><x:speed>0.75</x:speed></extensions><time>2015-10-29T07:32:27.000Z</time></trkpt><trkpt lat="40.51217" lon="72.807434"><ele>1016.8</ele><extensions><x:speed>2.0</x:speed></extensions><time>2015-10-29T07:32:31.000Z</time></trkpt><trkpt lat="40.51222" lon="72.8074"><ele>1017.5</ele><extensions><x:speed>2.75</x:speed></extensions><time>2015-10-29T07:32:33.000Z</time></trkpt><trkpt lat="40.512276" lon="72.80737"><ele>1015.9</ele><extensions><x:speed>3.25</x:speed></extensions><time>2015-10-29T07:32:35.000Z</time></trkpt><trkpt lat="40.51233" lon="72.80735"><ele>1017.3</ele><extensions><x:speed>5.5</x:speed></extensions><time>2015-10-29T07:32:36.000Z</time></trkpt><trkpt lat="40.512417" lon="72.80727"><ele>1017.5</ele><extensions><x:speed>7.25</x:speed></extensions><time>2015-10-29T07:32:37.000Z</time></trkpt><trkpt lat="40.51248" lon="72.80722"><ele>1017.3</ele><extensions><x:speed>8.0</x:speed></extensions><time>2015-10-29T07:32:38.000Z</time></trkpt><trkpt lat="40.51253" lon="72.807175"><ele>1014.7</ele><extensions><x:speed>7.0</x:speed></extensions><time>2015-10-29T07:32:39.000Z</time></trkpt><trkpt lat="40.512596" lon="72.80712"><ele>1016.5</ele><extensions><x:speed>8.0</x:speed></extensions><time>2015-10-29T07:32:40.000Z</time></trkpt><trkpt lat="40.51265" lon="72.80704"><ele>1016.2</ele><extensions><x:speed>8.5</x:speed></extensions><time>2015-10-29T07:32:41.000Z</time></trkpt><trkpt lat="40.512714" lon="72.80701"><ele>1016.2</ele><extensions><x:speed>7.5</x:speed></extensions><time>2015-10-29T07:32:42.000Z</time></trkpt><trkpt lat="40.512775" lon="72.80692"><ele>1015.5</ele><extensions><x:speed>8.25</x:speed></extensions><time>2015-10-29T07:32:43.000Z</time></trkpt><trkpt lat="40.51289" lon="72.80676"><ele>1012.6</ele><extensions><x:speed>8.25</x:speed></extensions><time>2015-10-29T07:32:45.000Z</time></trkpt><trkpt lat="40.512978" lon="72.806694"><ele>1012.2</ele><extensions><x:speed>9.0</x:speed></extensions><time>2015-10-29T07:32:46.000Z</time></trkpt><trkpt lat="40.513046" lon="72.80664"><ele>1013.5</ele><extensions><x:speed>9.0</x:speed></extensions><time>2015-10-29T07:32:47.000Z</time></trkpt><trkpt lat="40.513123" lon="72.806564"><ele>1012.6</ele><extensions><x:speed>9.5</x:speed></extensions><time>2015-10-29T07:32:48.000Z</time></trkpt><trkpt lat="40.513195" lon="72.8065"><ele>1012.1</ele><extensions><x:speed>9.5</x:speed></extensions><time>2015-10-29T07:32:49.000Z</time></trkpt><trkpt lat="40.513252" lon="72.80642"><ele>1013.0</ele><extensions><x:speed>9.25</x:speed></extensions><time>2015-10-29T07:32:50.000Z</time></trkpt><trkpt lat="40.513386" lon="72.8063"><ele>1013.8</ele><extensions><x:speed>10.0</x:speed></extensions><time>2015-10-29T07:32:52.000Z</time></trkpt><trkpt lat="40.51348" lon="72.80623"><ele>1014.7</ele><extensions><x:speed>9.75</x:speed></extensions><time>2015-10-29T07:32:53.000Z</time></trkpt><trkpt lat="40.513554" lon="72.80617"><ele>1015.2</ele><extensions><x:speed>10.0</x:speed></extensions><time>2015-10-29T07:32:54.000Z</time></trkpt><trkpt lat="40.513626" lon="72.8061"><ele>1014.6</ele><extensions><x:speed>9.5</x:speed></extensions><time>2015-10-29T07:32:55.000Z</time></trkpt><trkpt lat="40.513687" lon="72.80603"><ele>1014.9</ele><extensions><x:speed>9.25</x:speed></extensions><time>2015-10-29T07:32:56.000Z</time></trkpt><trkpt lat="40.513752" lon="72.805954"><ele>1015.9</ele><extensions><x:speed>8.75</x:speed></extensions><time>2015-10-29T07:32:57.000Z</time></trkpt><trkpt lat="40.5139" lon="72.80583"><ele>1015.8</ele><extensions><x:speed>9.25</x:speed></extensions><time>2015-10-29T07:32:59.000Z</time></trkpt><trkpt lat="40.514034" lon="72.80572"><ele>1015.4</ele><extensions><x:speed>7.75</x:speed></extensions><time>2015-10-29T07:33:01.000Z</time></trkpt><trkpt lat="40.51414" lon="72.8056"><ele>1014.6</ele><extensions><x:speed>5.0</x:speed></extensions><time>2015-10-29T07:33:04.000Z</time></trkpt><trkpt lat="40.51424" lon="72.80555"><ele>1012.4</ele><extensions><x:speed>1.25</x:speed></extensions><time>2015-10-29T07:33:18.000Z</time></trkpt><trkpt lat="40.51435" lon="72.80545"><ele>1015.8</ele><extensions><x:speed>3.75</x:speed></extensions><time>2015-10-29T07:33:24.000Z</time></trkpt><trkpt lat="40.514454" lon="72.80539"><ele>1015.6</ele><extensions><x:speed>5.25</x:speed></extensions><time>2015-10-29T07:33:26.000Z</time></trkpt><trkpt lat="40.5147" lon="72.80519"><ele>1014.0</ele><extensions><x:speed>7.75</x:speed></extensions><time>2015-10-29T07:33:30.000Z</time></trkpt><trkpt lat="40.514862" lon="72.80507"><ele>1016.9</ele><extensions><x:speed>7.0</x:speed></extensions><time>2015-10-29T07:33:33.000Z</time></trkpt><trkpt lat="40.514988" lon="72.80492"><ele>1013.7</ele><extensions><x:speed>7.75</x:speed></extensions><time>2015-10-29T07:33:35.000Z</time></trkpt><trkpt lat="40.51513" lon="72.80479"><ele>1011.9</ele><extensions><x:speed>8.25</x:speed></extensions><time>2015-10-29T07:33:37.000Z</time></trkpt><trkpt lat="40.515247" lon="72.80464"><ele>1007.3</ele><extensions><x:speed>6.5</x:speed></extensions><time>2015-10-29T07:33:39.000Z</time></trkpt><trkpt lat="40.51536" lon="72.804535"><ele>1007.9</ele><extensions><x:speed>7.0</x:speed></extensions><time>2015-10-29T07:33:41.000Z</time></trkpt><trkpt lat="40.51545" lon="72.80443"><ele>1008.6</ele><extensions><x:speed>6.5</x:speed></extensions><time>2015-10-29T07:33:43.000Z</time></trkpt><trkpt lat="40.515568" lon="72.80432"><ele>1008.4</ele><extensions><x:speed>6.25</x:speed></extensions><time>2015-10-29T07:33:45.000Z</time></trkpt><trkpt lat="40.515663" lon="72.80424"><ele>1008.5</ele><extensions><x:speed>6.25</x:speed></extensions><time>2015-10-29T07:33:47.000Z</time></trkpt><trkpt lat="40.515755" lon="72.804146"><ele>1008.0</ele><extensions><x:speed>5.75</x:speed></extensions><time>2015-10-29T07:33:49.000Z</time></trkpt><trkpt lat="40.515804" lon="72.8041"><ele>1007.4</ele><extensions><x:speed>6.25</x:speed></extensions><time>2015-10-29T07:33:50.000Z</time></trkpt><trkpt lat="40.515854" lon="72.804054"><ele>1007.1</ele><extensions><x:speed>6.25</x:speed></extensions><time>2015-10-29T07:33:51.000Z</time></trkpt><trkpt lat="40.515896" lon="72.804016"><ele>1007.4</ele><extensions><x:speed>5.75</x:speed></extensions><time>2015-10-29T07:33:52.000Z</time></trkpt><trkpt lat="40.51594" lon="72.80398"><ele>1007.4</ele><extensions><x:speed>5.75</x:speed></extensions><time>2015-10-29T07:33:53.000Z</time></trkpt><trkpt lat="40.515987" lon="72.80394"><ele>1007.0</ele><extensions><x:speed>6.0</x:speed></extensions><time>2015-10-29T07:33:54.000Z</time></trkpt><trkpt lat="40.51604" lon="72.8039"><ele>1007.0</ele><extensions><x:speed>6.25</x:speed></extensions><time>2015-10-29T07:33:55.000Z</time></trkpt><trkpt lat="40.51609" lon="72.80387"><ele>1007.3</ele><extensions><x:speed>6.25</x:speed></extensions><time>2015-10-29T07:33:56.000Z</time></trkpt><trkpt lat="40.516136" lon="72.80383"><ele>1006.6</ele><extensions><x:speed>5.75</x:speed></extensions><time>2015-10-29T07:33:57.000Z</time></trkpt><trkpt lat="40.51617" lon="72.80381"><ele>1005.8</ele><extensions><x:speed>5.0</x:speed></extensions><time>2015-10-29T07:33:58.000Z</time></trkpt><trkpt lat="40.516205" lon="72.80378"><ele>1004.8</ele><extensions><x:speed>3.75</x:speed></extensions><time>2015-10-29T07:33:59.000Z</time></trkpt><trkpt lat="40.516235" lon="72.80378"><ele>1007.4</ele><extensions><x:speed>0.0</x:speed></extensions><time>2015-10-29T07:34:06.000Z</time></trkpt><trkpt lat="40.516293" lon="72.80374"><ele>1007.9</ele><extensions><x:speed>3.0</x:speed></extensions><time>2015-10-29T07:34:13.000Z</time></trkpt><trkpt lat="40.51632" lon="72.8037"><ele>1007.7</ele><extensions><x:speed>3.5</x:speed></extensions><time>2015-10-29T07:34:14.000Z</time></trkpt><trkpt lat="40.516388" lon="72.803635"><ele>1007.7</ele><extensions><x:speed>4.5</x:speed></extensions><time>2015-10-29T07:34:16.000Z</time></trkpt><trkpt lat="40.516457" lon="72.80355"><ele>1007.7</ele><extensions><x:speed>6.75</x:speed></extensions><time>2015-10-29T07:34:17.000Z</time></trkpt><trkpt lat="40.516506" lon="72.80349"><ele>1007.4</ele><extensions><x:speed>7.5</x:speed></extensions><time>2015-10-29T07:34:18.000Z</time></trkpt><trkpt lat="40.51656" lon="72.80343"><ele>1008.8</ele><extensions><x:speed>7.75</x:speed></extensions><time>2015-10-29T07:34:19.000Z</time></trkpt><trkpt lat="40.516617" lon="72.80338"><ele>1009.8</ele><extensions><x:speed>7.75</x:speed></extensions><time>2015-10-29T07:34:20.000Z</time></trkpt><trkpt lat="40.516666" lon="72.80333"><ele>1009.6</ele><extensions><x:speed>7.5</x:speed></extensions><time>2015-10-29T07:34:21.000Z</time></trkpt><trkpt lat="40.51672" lon="72.80328"><ele>1008.4</ele><extensions><x:speed>7.5</x:speed></extensions><time>2015-10-29T07:34:22.000Z</time></trkpt><trkpt lat="40.516796" lon="72.803215"><ele>1008.7</ele><extensions><x:speed>9.0</x:speed></extensions><time>2015-10-29T07:34:23.000Z</time></trkpt><trkpt lat="40.516907" lon="72.8031"><ele>1009.4</ele><extensions><x:speed>8.0</x:speed></extensions><time>2015-10-29T07:34:25.000Z</time></trkpt><trkpt lat="40.51697" lon="72.80305"><ele>1009.9</ele><extensions><x:speed>8.25</x:speed></extensions><time>2015-10-29T07:34:26.000Z</time></trkpt><trkpt lat="40.517033" lon="72.80298"><ele>1009.4</ele><extensions><x:speed>9.0</x:speed></extensions><time>2015-10-29T07:34:27.000Z</time></trkpt><trkpt lat="40.517113" lon="72.80292"><ele>1009.5</ele><extensions><x:speed>9.25</x:speed></extensions><time>2015-10-29T07:34:28.000Z</time></trkpt><trkpt lat="40.51718" lon="72.80286"><ele>1010.1</ele><extensions><x:speed>9.25</x:speed></extensions><time>2015-10-29T07:34:29.000Z</time></trkpt><trkpt lat="40.51725" lon="72.80281"><ele>1009.2</ele><extensions><x:speed>9.0</x:speed></extensions><time>2015-10-29T07:34:30.000Z</time></trkpt><trkpt lat="40.51733" lon="72.80273"><ele>1008.4</ele><extensions><x:speed>9.5</x:speed></extensions><time>2015-10-29T07:34:31.000Z</time></trkpt><trkpt lat="40.51746" lon="72.80258"><ele>1006.8</ele><extensions><x:speed>9.25</x:speed></extensions><time>2015-10-29T07:34:33.000Z</time></trkpt><trkpt lat="40.517654" lon="72.80243"><ele>1003.2</ele><extensions><x:speed>9.25</x:speed></extensions><time>2015-10-29T07:34:36.000Z</time></trkpt><trkpt lat="40.517715" lon="72.80236"><ele>1002.1</ele><extensions><x:speed>9.0</x:speed></extensions><time>2015-10-29T07:34:37.000Z</time></trkpt><trkpt lat="40.517784" lon="72.80231"><ele>1005.8</ele><extensions><x:speed>8.75</x:speed></extensions><time>2015-10-29T07:34:38.000Z</time></trkpt><trkpt lat="40.51785" lon="72.80225"><ele>1005.2</ele><extensions><x:speed>8.5</x:speed></extensions><time>2015-10-29T07:34:39.000Z</time></trkpt><trkpt lat="40.517937" lon="72.80216"><ele>1004.3</ele><extensions><x:speed>7.0</x:speed></extensions><time>2015-10-29T07:34:41.000Z</time></trkpt><trkpt lat="40.518" lon="72.80208"><ele>1004.6</ele><extensions><x:speed>5.5</x:speed></extensions><time>2015-10-29T07:34:43.000Z</time></trkpt><trkpt lat="40.518047" lon="72.80205"><ele>1004.7</ele><extensions><x:speed>2.75</x:speed></extensions><time>2015-10-29T07:34:45.000Z</time></trkpt><trkpt lat="40.518078" lon="72.80207"><ele>1002.0</ele><extensions><x:speed>0.75</x:speed></extensions><time>2015-10-29T07:34:59.000Z</time></trkpt><trkpt lat="40.51812" lon="72.80202"><ele>1004.9</ele><extensions><x:speed>0.5</x:speed></extensions><time>2015-10-29T07:35:03.000Z</time></trkpt><trkpt lat="40.518143" lon="72.80203"><ele>1007.4</ele><extensions><x:speed>0.5</x:speed></extensions><time>2015-10-29T07:35:27.000Z</time></trkpt><trkpt lat="40.5182" lon="72.801994"><ele>1007.2</ele><extensions><x:speed>3.75</x:speed></extensions><time>2015-10-29T07:35:30.000Z</time></trkpt><trkpt lat="40.518238" lon="72.80196"><ele>1007.8</ele><extensions><x:speed>4.25</x:speed></extensions><time>2015-10-29T07:35:31.000Z</time></trkpt><trkpt lat="40.518307" lon="72.80191"><ele>1006.7</ele><extensions><x:speed>4.25</x:speed></extensions><time>2015-10-29T07:35:33.000Z</time></trkpt><trkpt lat="40.51834" lon="72.80189"><ele>1006.6</ele><extensions><x:speed>4.0</x:speed></extensions><time>2015-10-29T07:35:34.000Z</time></trkpt><trkpt lat="40.518414" lon="72.80182"><ele>1003.1</ele><extensions><x:speed>2.75</x:speed></extensions><time>2015-10-29T07:35:37.000Z</time></trkpt><trkpt lat="40.51845" lon="72.80177"><ele>1002.3</ele><extensions><x:speed>3.0</x:speed></extensions><time>2015-10-29T07:35:39.000Z</time></trkpt><trkpt lat="40.5185" lon="72.80173"><ele>998.9</ele><extensions><x:speed>3.0</x:speed></extensions><time>2015-10-29T07:35:41.000Z</time></trkpt><trkpt lat="40.51861" lon="72.80162"><ele>996.5</ele><extensions><x:speed>3.25</x:speed></extensions><time>2015-10-29T07:35:45.000Z</time></trkpt><trkpt lat="40.518665" lon="72.80157"><ele>997.4</ele><extensions><x:speed>3.25</x:speed></extensions><time>2015-10-29T07:35:47.000Z</time></trkpt><trkpt lat="40.518738" lon="72.80157"><ele>998.1</ele><extensions><x:speed>3.5</x:speed></extensions><time>2015-10-29T07:35:49.000Z</time></trkpt><trkpt lat="40.5188" lon="72.80163"><ele>997.6</ele><extensions><x:speed>5.5</x:speed></extensions><time>2015-10-29T07:35:50.000Z</time></trkpt><trkpt lat="40.51882" lon="72.80169"><ele>998.1</ele><extensions><x:speed>5.25</x:speed></extensions><time>2015-10-29T07:35:51.000Z</time></trkpt><trkpt lat="40.5189" lon="72.80179"><ele>1000.3</ele><extensions><x:speed>5.5</x:speed></extensions><time>2015-10-29T07:35:53.000Z</time></trkpt><trkpt lat="40.51894" lon="72.801895"><ele>999.8</ele><extensions><x:speed>5.25</x:speed></extensions><time>2015-10-29T07:35:55.000Z</time></trkpt><trkpt lat="40.519024" lon="72.80204"><ele>1000.6</ele><extensions><x:speed>4.5</x:speed></extensions><time>2015-10-29T07:35:58.000Z</time></trkpt><trkpt lat="40.519054" lon="72.80212"><ele>1000.5</ele><extensions><x:speed>4.0</x:speed></extensions><time>2015-10-29T07:36:00.000Z</time></trkpt><trkpt lat="40.519066" lon="72.80218"><ele>1000.9</ele><extensions><x:speed>2.75</x:speed></extensions><time>2015-10-29T07:36:02.000Z</time></trkpt><trkpt lat="40.51911" lon="72.80225"><ele>1000.1</ele><extensions><x:speed>2.75</x:speed></extensions><time>2015-10-29T07:36:05.000Z</time></trkpt><trkpt lat="40.51914" lon="72.80231"><ele>997.0</ele><extensions><x:speed>3.0</x:speed></extensions><time>2015-10-29T07:36:07.000Z</time></trkpt><trkpt lat="40.51917" lon="72.80237"><ele>997.2</ele><extensions><x:speed>3.0</x:speed></extensions><time>2015-10-29T07:36:09.000Z</time></trkpt><trkpt lat="40.519207" lon="72.80244"><ele>998.6</ele><extensions><x:speed>3.25</x:speed></extensions><time>2015-10-29T07:36:11.000Z</time></trkpt><trkpt lat="40.51923" lon="72.802475"><ele>998.4</ele><extensions><x:speed>3.75</x:speed></extensions><time>2015-10-29T07:36:12.000Z</time></trkpt><trkpt lat="40.519257" lon="72.80251"><ele>998.2</ele><extensions><x:speed>3.5</x:speed></extensions><time>2015-10-29T07:36:13.000Z</time></trkpt><trkpt lat="40.5193" lon="72.80259"><ele>997.5</ele><extensions><x:speed>3.5</x:speed></extensions><time>2015-10-29T07:36:15.000Z</time></trkpt><trkpt lat="40.519333" lon="72.802666"><ele>996.8</ele><extensions><x:speed>3.5</x:speed></extensions><time>2015-10-29T07:36:17.000Z</time></trkpt><trkpt lat="40.519367" lon="72.80275"><ele>996.4</ele><extensions><x:speed>3.75</x:speed></extensions><time>2015-10-29T07:36:19.000Z</time></trkpt><trkpt lat="40.51939" lon="72.80279"><ele>994.7</ele><extensions><x:speed>3.75</x:speed></extensions><time>2015-10-29T07:36:20.000Z</time></trkpt><trkpt lat="40.51943" lon="72.80286"><ele>993.9</ele><extensions><x:speed>3.5</x:speed></extensions><time>2015-10-29T07:36:22.000Z</time></trkpt><trkpt lat="40.519455" lon="72.80289"><ele>997.6</ele><extensions><x:speed>0.5</x:speed></extensions><time>2015-10-29T07:36:26.000Z</time></trkpt><trkpt lat="40.51948" lon="72.802925"><ele>998.0</ele><extensions><x:speed>2.0</x:speed></extensions><time>2015-10-29T07:36:29.000Z</time></trkpt><trkpt lat="40.519516" lon="72.80297"><ele>996.4</ele><extensions><x:speed>2.75</x:speed></extensions><time>2015-10-29T07:36:31.000Z</time></trkpt><trkpt lat="40.51955" lon="72.803024"><ele>995.6</ele><extensions><x:speed>2.75</x:speed></extensions><time>2015-10-29T07:36:33.000Z</time></trkpt><trkpt lat="40.519585" lon="72.80308"><ele>996.2</ele><extensions><x:speed>2.75</x:speed></extensions><time>2015-10-29T07:36:35.000Z</time></trkpt><trkpt lat="40.519615" lon="72.803116"><ele>995.9</ele><extensions><x:speed>2.5</x:speed></extensions><time>2015-10-29T07:36:37.000Z</time></trkpt><trkpt lat="40.519653" lon="72.803154"><ele>996.6</ele><extensions><x:speed>2.5</x:speed></extensions><time>2015-10-29T07:36:39.000Z</time></trkpt><trkpt lat="40.519707" lon="72.803185"><ele>995.6</ele><extensions><x:speed>3.0</x:speed></extensions><time>2015-10-29T07:36:41.000Z</time></trkpt><trkpt lat="40.51978" lon="72.8032"><ele>994.9</ele><extensions><x:speed>4.25</x:speed></extensions><time>2015-10-29T07:36:43.000Z</time></trkpt><trkpt lat="40.519817" lon="72.8032"><ele>994.8</ele><extensions><x:speed>4.25</x:speed></extensions><time>2015-10-29T07:36:44.000Z</time></trkpt><trkpt lat="40.51986" lon="72.80318"><ele>994.9</ele><extensions><x:speed>4.5</x:speed></extensions><time>2015-10-29T07:36:45.000Z</time></trkpt><trkpt lat="40.5199" lon="72.803154"><ele>995.4</ele><extensions><x:speed>4.5</x:speed></extensions><time>2015-10-29T07:36:46.000Z</time></trkpt><trkpt lat="40.51997" lon="72.80309"><ele>994.6</ele><extensions><x:speed>6.25</x:speed></extensions><time>2015-10-29T07:36:47.000Z</time></trkpt><trkpt lat="40.520027" lon="72.803055"><ele>995.2</ele><extensions><x:speed>7.0</x:speed></extensions><time>2015-10-29T07:36:48.000Z</time></trkpt><trkpt lat="40.520096" lon="72.802986"><ele>995.5</ele><extensions><x:speed>8.0</x:speed></extensions><time>2015-10-29T07:36:49.000Z</time></trkpt><trkpt lat="40.520164" lon="72.80296"><ele>995.9</ele><extensions><x:speed>9.0</x:speed></extensions><time>2015-10-29T07:36:50.000Z</time></trkpt><trkpt lat="40.520218" lon="72.802895"><ele>993.3</ele><extensions><x:speed>7.75</x:speed></extensions><time>2015-10-29T07:36:51.000Z</time></trkpt><trkpt lat="40.520256" lon="72.80284"><ele>992.1</ele><extensions><x:speed>5.75</x:speed></extensions><time>2015-10-29T07:36:52.000Z</time></trkpt><trkpt lat="40.52029" lon="72.802795"><ele>991.8</ele><extensions><x:speed>5.0</x:speed></extensions><time>2015-10-29T07:36:53.000Z</time></trkpt><trkpt lat="40.520367" lon="72.802734"><ele>994.4</ele><extensions><x:speed>4.0</x:speed></extensions><time>2015-10-29T07:36:55.000Z</time></trkpt><trkpt lat="40.52041" lon="72.80272"><ele>996.5</ele><extensions><x:speed>2.5</x:speed></extensions><time>2015-10-29T07:36:57.000Z</time></trkpt><trkpt lat="40.520447" lon="72.80272"><ele>996.4</ele><extensions><x:speed>0.25</x:speed></extensions><time>2015-10-29T07:37:00.000Z</time></trkpt><trkpt lat="40.52048" lon="72.802734"><ele>998.4</ele><extensions><x:speed>0.0</x:speed></extensions><time>2015-10-29T07:37:08.000Z</time></trkpt><trkpt lat="40.5206" lon="72.80265"><ele>998.5</ele><extensions><x:speed>3.0</x:speed></extensions><time>2015-10-29T07:38:00.000Z</time></trkpt><trkpt lat="40.52088" lon="72.80234"><ele>1002.2</ele><extensions><x:speed>8.0</x:speed></extensions><time>2015-10-29T07:38:03.000Z</time></trkpt><trkpt lat="40.52101" lon="72.80219"><ele>1004.3</ele><extensions><x:speed>9.0</x:speed></extensions><time>2015-10-29T07:38:05.000Z</time></trkpt><trkpt lat="40.521152" lon="72.801994"><ele>1005.9</ele><extensions><x:speed>10.25</x:speed></extensions><time>2015-10-29T07:38:07.000Z</time></trkpt><trkpt lat="40.521317" lon="72.80185"><ele>1006.2</ele><extensions><x:speed>10.25</x:speed></extensions><time>2015-10-29T07:38:09.000Z</time></trkpt><trkpt lat="40.521584" lon="72.80169"><ele>1005.3</ele><extensions><x:speed>8.75</x:speed></extensions><time>2015-10-29T07:38:13.000Z</time></trkpt><trkpt lat="40.521725" lon="72.80151"><ele>1005.3</ele><extensions><x:speed>8.75</x:speed></extensions><time>2015-10-29T07:38:16.000Z</time></trkpt><trkpt lat="40.521843" lon="72.8014"><ele>1004.4</ele><extensions><x:speed>8.0</x:speed></extensions><time>2015-10-29T07:38:18.000Z</time></trkpt><trkpt lat="40.522034" lon="72.8013"><ele>1001.6</ele><extensions><x:speed>6.75</x:speed></extensions><time>2015-10-29T07:38:21.000Z</time></trkpt><trkpt lat="40.52221" lon="72.80114"><ele>1004.1</ele><extensions><x:speed>8.5</x:speed></extensions><time>2015-10-29T07:38:24.000Z</time></trkpt><trkpt lat="40.52264" lon="72.800804"><ele>1002.9</ele><extensions><x:speed>10.75</x:speed></extensions><time>2015-10-29T07:38:29.000Z</time></trkpt><trkpt lat="40.522964" lon="72.80049"><ele>1003.4</ele><extensions><x:speed>13.0</x:speed></extensions><time>2015-10-29T07:38:32.000Z</time></trkpt><trkpt lat="40.523235" lon="72.80022"><ele>1004.9</ele><extensions><x:speed>12.75</x:speed></extensions><time>2015-10-29T07:38:35.000Z</time></trkpt><trkpt lat="40.52351" lon="72.79999"><ele>1004.6</ele><extensions><x:speed>13.0</x:speed></extensions><time>2015-10-29T07:38:38.000Z</time></trkpt><trkpt lat="40.52387" lon="72.799706"><ele>1007.0</ele><extensions><x:speed>12.0</x:speed></extensions><time>2015-10-29T07:38:42.000Z</time></trkpt><trkpt lat="40.52402" lon="72.79937"><ele>1006.6</ele><extensions><x:speed>11.25</x:speed></extensions><time>2015-10-29T07:38:45.000Z</time></trkpt><trkpt lat="40.524265" lon="72.79917"><ele>1006.8</ele><extensions><x:speed>7.5</x:speed></extensions><time>2015-10-29T07:38:49.000Z</time></trkpt><trkpt lat="40.52448" lon="72.79906"><ele>1005.2</ele><extensions><x:speed>2.75</x:speed></extensions><time>2015-10-29T07:39:03.000Z</time></trkpt><trkpt lat="40.52459" lon="72.79897"><ele>1002.8</ele><extensions><x:speed>4.5</x:speed></extensions><time>2015-10-29T07:39:06.000Z</time></trkpt><trkpt lat="40.524857" lon="72.79884"><ele>993.5</ele><extensions><x:speed>6.75</x:speed></extensions><time>2015-10-29T07:39:10.000Z</time></trkpt><trkpt lat="40.52493" lon="72.798805"><ele>994.6</ele><extensions><x:speed>8.0</x:speed></extensions><time>2015-10-29T07:39:11.000Z</time></trkpt><trkpt lat="40.52499" lon="72.79874"><ele>994.2</ele><extensions><x:speed>8.0</x:speed></extensions><time>2015-10-29T07:39:12.000Z</time></trkpt><trkpt lat="40.52506" lon="72.79869"><ele>995.5</ele><extensions><x:speed>8.0</x:speed></extensions><time>2015-10-29T07:39:13.000Z</time></trkpt><trkpt lat="40.525124" lon="72.79863"><ele>994.4</ele><extensions><x:speed>8.25</x:speed></extensions><time>2015-10-29T07:39:14.000Z</time></trkpt><trkpt lat="40.525192" lon="72.798584"><ele>994.9</ele><extensions><x:speed>8.25</x:speed></extensions><time>2015-10-29T07:39:15.000Z</time></trkpt><trkpt lat="40.52526" lon="72.798546"><ele>994.6</ele><extensions><x:speed>8.25</x:speed></extensions><time>2015-10-29T07:39:16.000Z</time></trkpt><trkpt lat="40.525414" lon="72.79844"><ele>994.8</ele><extensions><x:speed>9.25</x:speed></extensions><time>2015-10-29T07:39:18.000Z</time></trkpt><trkpt lat="40.52549" lon="72.798386"><ele>994.6</ele><extensions><x:speed>9.75</x:speed></extensions><time>2015-10-29T07:39:19.000Z</time></trkpt><trkpt lat="40.525566" lon="72.79834"><ele>995.4</ele><extensions><x:speed>9.5</x:speed></extensions><time>2015-10-29T07:39:20.000Z</time></trkpt><trkpt lat="40.525642" lon="72.798294"><ele>995.6</ele><extensions><x:speed>9.5</x:speed></extensions><time>2015-10-29T07:39:21.000Z</time></trkpt><trkpt lat="40.525703" lon="72.798225"><ele>995.5</ele><extensions><x:speed>9.25</x:speed></extensions><time>2015-10-29T07:39:22.000Z</time></trkpt><trkpt lat="40.525772" lon="72.79817"><ele>995.9</ele><extensions><x:speed>9.5</x:speed></extensions><time>2015-10-29T07:39:23.000Z</time></trkpt><trkpt lat="40.525852" lon="72.79813"><ele>995.8</ele><extensions><x:speed>9.5</x:speed></extensions><time>2015-10-29T07:39:24.000Z</time></trkpt><trkpt lat="40.52594" lon="72.79807"><ele>995.8</ele><extensions><x:speed>9.5</x:speed></extensions><time>2015-10-29T07:39:25.000Z</time></trkpt><trkpt lat="40.52602" lon="72.79802"><ele>995.4</ele><extensions><x:speed>10.0</x:speed></extensions><time>2015-10-29T07:39:26.000Z</time></trkpt><trkpt lat="40.5261" lon="72.79796"><ele>995.3</ele><extensions><x:speed>10.0</x:speed></extensions><time>2015-10-29T07:39:27.000Z</time></trkpt><trkpt lat="40.52618" lon="72.797905"><ele>996.4</ele><extensions><x:speed>10.25</x:speed></extensions><time>2015-10-29T07:39:28.000Z</time></trkpt><trkpt lat="40.52627" lon="72.79786"><ele>996.3</ele><extensions><x:speed>10.75</x:speed></extensions><time>2015-10-29T07:39:29.000Z</time></trkpt><trkpt lat="40.526386" lon="72.79783"><ele>996.1</ele><extensions><x:speed>11.75</x:speed></extensions><time>2015-10-29T07:39:30.000Z</time></trkpt><trkpt lat="40.526466" lon="72.79778"><ele>997.4</ele><extensions><x:speed>10.5</x:speed></extensions><time>2015-10-29T07:39:31.000Z</time></trkpt><trkpt lat="40.526646" lon="72.79773"><ele>996.8</ele><extensions><x:speed>10.75</x:speed></extensions><time>2015-10-29T07:39:33.000Z</time></trkpt><trkpt lat="40.52674" lon="72.7977"><ele>995.5</ele><extensions><x:speed>11.0</x:speed></extensions><time>2015-10-29T07:39:34.000Z</time></trkpt><trkpt lat="40.526836" lon="72.79768"><ele>994.4</ele><extensions><x:speed>11.25</x:speed></extensions><time>2015-10-29T07:39:35.000Z</time></trkpt><trkpt lat="40.526928" lon="72.79766"><ele>994.5</ele><extensions><x:speed>11.0</x:speed></extensions><time>2015-10-29T07:39:36.000Z</time></trkpt><trkpt lat="40.52702" lon="72.797646"><ele>996.1</ele><extensions><x:speed>11.0</x:speed></extensions><time>2015-10-29T07:39:37.000Z</time></trkpt><trkpt lat="40.527115" lon="72.79763"><ele>996.4</ele><extensions><x:speed>11.0</x:speed></extensions><time>2015-10-29T07:39:38.000Z</time></trkpt><trkpt lat="40.52721" lon="72.79761"><ele>996.1</ele><extensions><x:speed>11.25</x:speed></extensions><time>2015-10-29T07:39:39.000Z</time></trkpt><trkpt lat="40.52731" lon="72.79758"><ele>995.8</ele><extensions><x:speed>11.25</x:speed></extensions><time>2015-10-29T07:39:40.000Z</time></trkpt><trkpt lat="40.5274" lon="72.797554"><ele>995.6</ele><extensions><x:speed>10.5</x:speed></extensions><time>2015-10-29T07:39:41.000Z</time></trkpt><trkpt lat="40.52749" lon="72.79753"><ele>995.3</ele><extensions><x:speed>10.0</x:speed></extensions><time>2015-10-29T07:39:42.000Z</time></trkpt><trkpt lat="40.527565" lon="72.797516"><ele>996.3</ele><extensions><x:speed>8.75</x:speed></extensions><time>2015-10-29T07:39:43.000Z</time></trkpt><trkpt lat="40.527637" lon="72.7975"><ele>996.3</ele><extensions><x:speed>8.25</x:speed></extensions><time>2015-10-29T07:39:44.000Z</time></trkpt><trkpt lat="40.527702" lon="72.797485"><ele>995.7</ele><extensions><x:speed>7.75</x:speed></extensions><time>2015-10-29T07:39:45.000Z</time></trkpt><trkpt lat="40.527805" lon="72.79747"><ele>994.8</ele><extensions><x:speed>5.0</x:speed></extensions><time>2015-10-29T07:39:47.000Z</time></trkpt><trkpt lat="40.52784" lon="72.797485"><ele>995.3</ele><extensions><x:speed>0.5</x:speed></extensions><time>2015-10-29T07:39:50.000Z</time></trkpt><trkpt lat="40.527893" lon="72.79746"><ele>996.7</ele><extensions><x:speed>2.25</x:speed></extensions><time>2015-10-29T07:39:58.000Z</time></trkpt><trkpt lat="40.52796" lon="72.79744"><ele>997.4</ele><extensions><x:speed>4.0</x:speed></extensions><time>2015-10-29T07:40:00.000Z</time></trkpt><trkpt lat="40.527996" lon="72.79743"><ele>998.2</ele><extensions><x:speed>4.25</x:speed></extensions><time>2015-10-29T07:40:01.000Z</time></trkpt><trkpt lat="40.52804" lon="72.79742"><ele>999.0</ele><extensions><x:speed>4.5</x:speed></extensions><time>2015-10-29T07:40:02.000Z</time></trkpt><trkpt lat="40.528084" lon="72.79742"><ele>998.2</ele><extensions><x:speed>4.75</x:speed></extensions><time>2015-10-29T07:40:03.000Z</time></trkpt><trkpt lat="40.528122" lon="72.79741"><ele>998.6</ele><extensions><x:speed>4.25</x:speed></extensions><time>2015-10-29T07:40:04.000Z</time></trkpt><trkpt lat="40.528187" lon="72.79739"><ele>997.2</ele><extensions><x:speed>3.75</x:speed></extensions><time>2015-10-29T07:40:06.000Z</time></trkpt><trkpt lat="40.528233" lon="72.79737"><ele>995.3</ele><extensions><x:speed>2.5</x:speed></extensions><time>2015-10-29T07:40:09.000Z</time></trkpt><trkpt lat="40.528286" lon="72.79735"><ele>995.6</ele><extensions><x:speed>3.0</x:speed></extensions><time>2015-10-29T07:40:11.000Z</time></trkpt><trkpt lat="40.528336" lon="72.79733"><ele>995.6</ele><extensions><x:speed>4.75</x:speed></extensions><time>2015-10-29T07:40:12.000Z</time></trkpt><trkpt lat="40.528458" lon="72.7973"><ele>995.8</ele><extensions><x:speed>6.75</x:speed></extensions><time>2015-10-29T07:40:14.000Z</time></trkpt><trkpt lat="40.52851" lon="72.797295"><ele>995.1</ele><extensions><x:speed>6.5</x:speed></extensions><time>2015-10-29T07:40:15.000Z</time></trkpt><trkpt lat="40.528576" lon="72.797264"><ele>995.9</ele><extensions><x:speed>7.25</x:speed></extensions><time>2015-10-29T07:40:16.000Z</time></trkpt><trkpt lat="40.52865" lon="72.79724"><ele>995.5</ele><extensions><x:speed>7.75</x:speed></extensions><time>2015-10-29T07:40:17.000Z</time></trkpt><trkpt lat="40.528706" lon="72.797226"><ele>995.0</ele><extensions><x:speed>7.5</x:speed></extensions><time>2015-10-29T07:40:18.000Z</time></trkpt><trkpt lat="40.528843" lon="72.79717"><ele>994.4</ele><extensions><x:speed>7.5</x:speed></extensions><time>2015-10-29T07:40:20.000Z</time></trkpt><trkpt lat="40.528996" lon="72.79712"><ele>991.5</ele><extensions><x:speed>5.5</x:speed></extensions><time>2015-10-29T07:40:23.000Z</time></trkpt><trkpt lat="40.52906" lon="72.79712"><ele>990.7</ele><extensions><x:speed>3.5</x:speed></extensions><time>2015-10-29T07:40:25.000Z</time></trkpt><trkpt lat="40.529106" lon="72.79711"><ele>990.3</ele><extensions><x:speed>2.0</x:speed></extensions><time>2015-10-29T07:40:27.000Z</time></trkpt><trkpt lat="40.529156" lon="72.79712"><ele>987.1</ele><extensions><x:speed>1.25</x:speed></extensions><time>2015-10-29T07:40:47.000Z</time></trkpt><trkpt lat="40.5292" lon="72.797104"><ele>985.5</ele><extensions><x:speed>4.0</x:speed></extensions><time>2015-10-29T07:40:48.000Z</time></trkpt><trkpt lat="40.52925" lon="72.79709"><ele>986.4</ele><extensions><x:speed>5.0</x:speed></extensions><time>2015-10-29T07:40:49.000Z</time></trkpt><trkpt lat="40.52932" lon="72.79706"><ele>987.2</ele><extensions><x:speed>5.0</x:speed></extensions><time>2015-10-29T07:40:50.000Z</time></trkpt><trkpt lat="40.52938" lon="72.79705"><ele>988.3</ele><extensions><x:speed>6.0</x:speed></extensions><time>2015-10-29T07:40:51.000Z</time></trkpt><trkpt lat="40.529423" lon="72.79703"><ele>984.0</ele><extensions><x:speed>6.5</x:speed></extensions><time>2015-10-29T07:40:52.000Z</time></trkpt><trkpt lat="40.529495" lon="72.797005"><ele>984.1</ele><extensions><x:speed>7.25</x:speed></extensions><time>2015-10-29T07:40:53.000Z</time></trkpt><trkpt lat="40.529564" lon="72.79699"><ele>985.1</ele><extensions><x:speed>7.5</x:speed></extensions><time>2015-10-29T07:40:54.000Z</time></trkpt><trkpt lat="40.529644" lon="72.79696"><ele>986.0</ele><extensions><x:speed>8.25</x:speed></extensions><time>2015-10-29T07:40:55.000Z</time></trkpt><trkpt lat="40.52972" lon="72.79695"><ele>987.5</ele><extensions><x:speed>8.5</x:speed></extensions><time>2015-10-29T07:40:56.000Z</time></trkpt><trkpt lat="40.5298" lon="72.79692"><ele>987.3</ele><extensions><x:speed>9.25</x:speed></extensions><time>2015-10-29T07:40:57.000Z</time></trkpt><trkpt lat="40.52987" lon="72.796906"><ele>985.3</ele><extensions><x:speed>8.5</x:speed></extensions><time>2015-10-29T07:40:58.000Z</time></trkpt><trkpt lat="40.530033" lon="72.79686"><ele>985.7</ele><extensions><x:speed>9.25</x:speed></extensions><time>2015-10-29T07:41:00.000Z</time></trkpt><trkpt lat="40.53012" lon="72.79685"><ele>986.1</ele><extensions><x:speed>9.5</x:speed></extensions><time>2015-10-29T07:41:01.000Z</time></trkpt><trkpt lat="40.53021" lon="72.79682"><ele>986.8</ele><extensions><x:speed>9.75</x:speed></extensions><time>2015-10-29T07:41:02.000Z</time></trkpt><trkpt lat="40.530304" lon="72.7968"><ele>986.4</ele><extensions><x:speed>10.0</x:speed></extensions><time>2015-10-29T07:41:03.000Z</time></trkpt><trkpt lat="40.53039" lon="72.796745"><ele>986.8</ele><extensions><x:speed>10.0</x:speed></extensions><time>2015-10-29T07:41:04.000Z</time></trkpt><trkpt lat="40.53047" lon="72.79672"><ele>987.0</ele><extensions><x:speed>9.25</x:speed></extensions><time>2015-10-29T07:41:05.000Z</time></trkpt><trkpt lat="40.53055" lon="72.79668"><ele>986.1</ele><extensions><x:speed>8.5</x:speed></extensions><time>2015-10-29T07:41:06.000Z</time></trkpt><trkpt lat="40.53062" lon="72.79665"><ele>985.1</ele><extensions><x:speed>7.75</x:speed></extensions><time>2015-10-29T07:41:07.000Z</time></trkpt><trkpt lat="40.530666" lon="72.79664"><ele>984.8</ele><extensions><x:speed>6.25</x:speed></extensions><time>2015-10-29T07:41:08.000Z</time></trkpt><trkpt lat="40.530716" lon="72.79665"><ele>987.2</ele><extensions><x:speed>5.5</x:speed></extensions><time>2015-10-29T07:41:09.000Z</time></trkpt><trkpt lat="40.530758" lon="72.796646"><ele>986.4</ele><extensions><x:speed>5.0</x:speed></extensions><time>2015-10-29T07:41:10.000Z</time></trkpt><trkpt lat="40.53081" lon="72.79663"><ele>986.2</ele><extensions><x:speed>2.75</x:speed></extensions><time>2015-10-29T07:41:12.000Z</time></trkpt><trkpt lat="40.530823" lon="72.79663"><ele>991.4</ele><extensions><x:speed>1.25</x:speed></extensions><time>2015-10-29T07:41:13.000Z</time></trkpt><trkpt lat="40.530846" lon="72.79664"><ele>986.3</ele><extensions><x:speed>0.0</x:speed></extensions><time>2015-10-29T07:41:18.000Z</time></trkpt><trkpt lat="40.530888" lon="72.79665"><ele>987.4</ele><extensions><x:speed>2.5</x:speed></extensions><time>2015-10-29T07:41:38.000Z</time></trkpt><trkpt lat="40.53093" lon="72.79664"><ele>987.9</ele><extensions><x:speed>4.5</x:speed></extensions><time>2015-10-29T07:41:39.000Z</time></trkpt><trkpt lat="40.530975" lon="72.79663"><ele>988.3</ele><extensions><x:speed>4.25</x:speed></extensions><time>2015-10-29T07:41:40.000Z</time></trkpt><trkpt lat="40.531013" lon="72.79663"><ele>988.9</ele><extensions><x:speed>4.5</x:speed></extensions><time>2015-10-29T07:41:41.000Z</time></trkpt><trkpt lat="40.53106" lon="72.796616"><ele>987.6</ele><extensions><x:speed>4.75</x:speed></extensions><time>2015-10-29T07:41:42.000Z</time></trkpt><trkpt lat="40.531124" lon="72.79658"><ele>986.7</ele><extensions><x:speed>6.5</x:speed></extensions><time>2015-10-29T07:41:43.000Z</time></trkpt><trkpt lat="40.531185" lon="72.796555"><ele>985.7</ele><extensions><x:speed>6.75</x:speed></extensions><time>2015-10-29T07:41:44.000Z</time></trkpt><trkpt lat="40.531273" lon="72.79655"><ele>986.7</ele><extensions><x:speed>8.75</x:speed></extensions><time>2015-10-29T07:41:45.000Z</time></trkpt><trkpt lat="40.53142" lon="72.79651"><ele>987.7</ele><extensions><x:speed>9.25</x:speed></extensions><time>2015-10-29T07:41:47.000Z</time></trkpt><trkpt lat="40.531506" lon="72.79649"><ele>989.1</ele><extensions><x:speed>9.75</x:speed></extensions><time>2015-10-29T07:41:48.000Z</time></trkpt><trkpt lat="40.531593" lon="72.79648"><ele>989.1</ele><extensions><x:speed>10.0</x:speed></extensions><time>2015-10-29T07:41:49.000Z</time></trkpt><trkpt lat="40.531685" lon="72.796455"><ele>989.7</ele><extensions><x:speed>10.25</x:speed></extensions><time>2015-10-29T07:41:50.000Z</time></trkpt><trkpt lat="40.531784" lon="72.796425"><ele>990.3</ele><extensions><x:speed>10.75</x:speed></extensions><time>2015-10-29T07:41:51.000Z</time></trkpt><trkpt lat="40.531986" lon="72.796364"><ele>990.0</ele><extensions><x:speed>11.25</x:speed></extensions><time>2015-10-29T07:41:53.000Z</time></trkpt><trkpt lat="40.53209" lon="72.79633"><ele>988.8</ele><extensions><x:speed>11.5</x:speed></extensions><time>2015-10-29T07:41:54.000Z</time></trkpt><trkpt lat="40.5322" lon="72.796295"><ele>988.0</ele><extensions><x:speed>12.25</x:speed></extensions><time>2015-10-29T07:41:55.000Z</time></trkpt><trkpt lat="40.532307" lon="72.796265"><ele>987.6</ele><extensions><x:speed>12.25</x:speed></extensions><time>2015-10-29T07:41:56.000Z</time></trkpt><trkpt lat="40.53253" lon="72.796196"><ele>986.7</ele><extensions><x:speed>12.75</x:speed></extensions><time>2015-10-29T07:41:58.000Z</time></trkpt><trkpt lat="40.532856" lon="72.79613"><ele>985.7</ele><extensions><x:speed>12.75</x:speed></extensions><time>2015-10-29T07:42:01.000Z</time></trkpt><trkpt lat="40.53309" lon="72.79607"><ele>986.5</ele><extensions><x:speed>12.5</x:speed></extensions><time>2015-10-29T07:42:03.000Z</time></trkpt><trkpt lat="40.533314" lon="72.796005"><ele>986.3</ele><extensions><x:speed>12.5</x:speed></extensions><time>2015-10-29T07:42:05.000Z</time></trkpt><trkpt lat="40.53343" lon="72.795975"><ele>986.2</ele><extensions><x:speed>12.25</x:speed></extensions><time>2015-10-29T07:42:06.000Z</time></trkpt><trkpt lat="40.53354" lon="72.79595"><ele>986.7</ele><extensions><x:speed>12.25</x:speed></extensions><time>2015-10-29T07:42:07.000Z</time></trkpt><trkpt lat="40.533764" lon="72.79589"><ele>986.5</ele><extensions><x:speed>12.75</x:speed></extensions><time>2015-10-29T07:42:09.000Z</time></trkpt><trkpt lat="40.53387" lon="72.79587"><ele>986.0</ele><extensions><x:speed>12.5</x:speed></extensions><time>2015-10-29T07:42:10.000Z</time></trkpt><trkpt lat="40.533978" lon="72.79584"><ele>985.5</ele><extensions><x:speed>12.0</x:speed></extensions><time>2015-10-29T07:42:11.000Z</time></trkpt><trkpt lat="40.534256" lon="72.795784"><ele>985.5</ele><extensions><x:speed>9.75</x:speed></extensions><time>2015-10-29T07:42:14.000Z</time></trkpt><trkpt lat="40.53433" lon="72.79576"><ele>986.4</ele><extensions><x:speed>8.5</x:speed></extensions><time>2015-10-29T07:42:15.000Z</time></trkpt><trkpt lat="40.534393" lon="72.79574"><ele>986.2</ele><extensions><x:speed>7.25</x:speed></extensions><time>2015-10-29T07:42:16.000Z</time></trkpt><trkpt lat="40.53445" lon="72.79573"><ele>986.6</ele><extensions><x:speed>6.25</x:speed></extensions><time>2015-10-29T07:42:17.000Z</time></trkpt><trkpt lat="40.534508" lon="72.7957"><ele>987.7</ele><extensions><x:speed>3.0</x:speed></extensions><time>2015-10-29T07:42:19.000Z</time></trkpt><trkpt lat="40.534554" lon="72.79571"><ele>988.4</ele><extensions><x:speed>0.5</x:speed></extensions><time>2015-10-29T07:42:38.000Z</time></trkpt><trkpt lat="40.534603" lon="72.79571"><ele>988.4</ele><extensions><x:speed>2.75</x:speed></extensions><time>2015-10-29T07:42:40.000Z</time></trkpt><trkpt lat="40.53464" lon="72.79569"><ele>989.0</ele><extensions><x:speed>3.5</x:speed></extensions><time>2015-10-29T07:42:41.000Z</time></trkpt><trkpt lat="40.534817" lon="72.79567"><ele>984.8</ele><extensions><x:speed>6.5</x:speed></extensions><time>2015-10-29T07:42:44.000Z</time></trkpt><trkpt lat="40.534943" lon="72.7956"><ele>985.2</ele><extensions><x:speed>7.5</x:speed></extensions><time>2015-10-29T07:42:46.000Z</time></trkpt><trkpt lat="40.53502" lon="72.79558"><ele>985.0</ele><extensions><x:speed>8.25</x:speed></extensions><time>2015-10-29T07:42:47.000Z</time></trkpt><trkpt lat="40.535095" lon="72.79556"><ele>984.1</ele><extensions><x:speed>8.75</x:speed></extensions><time>2015-10-29T07:42:48.000Z</time></trkpt><trkpt lat="40.53518" lon="72.79554"><ele>984.1</ele><extensions><x:speed>8.75</x:speed></extensions><time>2015-10-29T07:42:49.000Z</time></trkpt><trkpt lat="40.53525" lon="72.79551"><ele>984.6</ele><extensions><x:speed>8.75</x:speed></extensions><time>2015-10-29T07:42:50.000Z</time></trkpt><trkpt lat="40.535328" lon="72.79549"><ele>984.7</ele><extensions><x:speed>8.25</x:speed></extensions><time>2015-10-29T07:42:51.000Z</time></trkpt><trkpt lat="40.535404" lon="72.79546"><ele>984.1</ele><extensions><x:speed>8.75</x:speed></extensions><time>2015-10-29T07:42:52.000Z</time></trkpt><trkpt lat="40.535473" lon="72.79545"><ele>984.0</ele><extensions><x:speed>8.25</x:speed></extensions><time>2015-10-29T07:42:53.000Z</time></trkpt><trkpt lat="40.535538" lon="72.795425"><ele>983.9</ele><extensions><x:speed>7.5</x:speed></extensions><time>2015-10-29T07:42:54.000Z</time></trkpt><trkpt lat="40.535652" lon="72.795395"><ele>983.3</ele><extensions><x:speed>6.0</x:speed></extensions><time>2015-10-29T07:42:56.000Z</time></trkpt><trkpt lat="40.535706" lon="72.79537"><ele>982.9</ele><extensions><x:speed>6.0</x:speed></extensions><time>2015-10-29T07:42:57.000Z</time></trkpt><trkpt lat="40.535805" lon="72.79534"><ele>982.7</ele><extensions><x:speed>6.0</x:speed></extensions><time>2015-10-29T07:42:59.000Z</time></trkpt><trkpt lat="40.535927" lon="72.795296"><ele>981.8</ele><extensions><x:speed>4.0</x:speed></extensions><time>2015-10-29T07:43:02.000Z</time></trkpt><trkpt lat="40.536" lon="72.79527"><ele>981.4</ele><extensions><x:speed>4.0</x:speed></extensions><time>2015-10-29T07:43:04.000Z</time></trkpt><trkpt lat="40.536034" lon="72.79526"><ele>981.2</ele><extensions><x:speed>4.25</x:speed></extensions><time>2015-10-29T07:43:05.000Z</time></trkpt><trkpt lat="40.536083" lon="72.795265"><ele>981.9</ele><extensions><x:speed>4.75</x:speed></extensions><time>2015-10-29T07:43:06.000Z</time></trkpt><trkpt lat="40.536133" lon="72.795235"><ele>981.7</ele><extensions><x:speed>5.75</x:speed></extensions><time>2015-10-29T07:43:07.000Z</time></trkpt><trkpt lat="40.536167" lon="72.79523"><ele>979.7</ele><extensions><x:speed>1.5</x:speed></extensions><time>2015-10-29T07:43:27.000Z</time></trkpt><trkpt lat="40.536224" lon="72.7952"><ele>981.2</ele><extensions><x:speed>2.5</x:speed></extensions><time>2015-10-29T07:43:30.000Z</time></trkpt><trkpt lat="40.536274" lon="72.79513"><ele>980.5</ele><extensions><x:speed>4.25</x:speed></extensions><time>2015-10-29T07:43:32.000Z</time></trkpt><trkpt lat="40.53629" lon="72.794876"><ele>975.0</ele><extensions><x:speed>4.0</x:speed></extensions><time>2015-10-29T07:43:36.000Z</time></trkpt><trkpt lat="40.536263" lon="72.79481"><ele>974.2</ele><extensions><x:speed>0.0</x:speed></extensions><time>2015-10-29T07:43:39.000Z</time></trkpt><trkpt lat="40.536224" lon="72.79468"><ele>979.9</ele><extensions><x:speed>4.0</x:speed></extensions><time>2015-10-29T07:43:54.000Z</time></trkpt><trkpt lat="40.536186" lon="72.7945"><ele>977.6</ele><extensions><x:speed>4.75</x:speed></extensions><time>2015-10-29T07:43:56.000Z</time></trkpt><trkpt lat="40.536175" lon="72.79444"><ele>978.4</ele><extensions><x:speed>5.25</x:speed></extensions><time>2015-10-29T07:43:57.000Z</time></trkpt><trkpt lat="40.536167" lon="72.794365"><ele>976.3</ele><extensions><x:speed>5.5</x:speed></extensions><time>2015-10-29T07:43:58.000Z</time></trkpt><trkpt lat="40.536125" lon="72.79421"><ele>976.0</ele><extensions><x:speed>7.0</x:speed></extensions><time>2015-10-29T07:44:00.000Z</time></trkpt><trkpt lat="40.5361" lon="72.79411"><ele>975.9</ele><extensions><x:speed>8.0</x:speed></extensions><time>2015-10-29T07:44:01.000Z</time></trkpt><trkpt lat="40.536076" lon="72.79402"><ele>977.2</ele><extensions><x:speed>8.25</x:speed></extensions><time>2015-10-29T07:44:02.000Z</time></trkpt><trkpt lat="40.536037" lon="72.79391"><ele>978.5</ele><extensions><x:speed>8.75</x:speed></extensions><time>2015-10-29T07:44:03.000Z</time></trkpt><trkpt lat="40.536007" lon="72.79381"><ele>978.0</ele><extensions><x:speed>9.0</x:speed></extensions><time>2015-10-29T07:44:04.000Z</time></trkpt><trkpt lat="40.535976" lon="72.7937"><ele>977.7</ele><extensions><x:speed>9.75</x:speed></extensions><time>2015-10-29T07:44:05.000Z</time></trkpt><trkpt lat="40.53595" lon="72.793594"><ele>977.4</ele><extensions><x:speed>10.0</x:speed></extensions><time>2015-10-29T07:44:06.000Z</time></trkpt><trkpt lat="40.53593" lon="72.79348"><ele>977.4</ele><extensions><x:speed>9.75</x:speed></extensions><time>2015-10-29T07:44:07.000Z</time></trkpt><trkpt lat="40.535896" lon="72.79337"><ele>978.0</ele><extensions><x:speed>9.5</x:speed></extensions><time>2015-10-29T07:44:08.000Z</time></trkpt><trkpt lat="40.535847" lon="72.79312"><ele>977.1</ele><extensions><x:speed>6.5</x:speed></extensions><time>2015-10-29T07:44:11.000Z</time></trkpt><trkpt lat="40.5358" lon="72.793015"><ele>975.6</ele><extensions><x:speed>2.0</x:speed></extensions><time>2015-10-29T07:44:14.000Z</time></trkpt><trkpt lat="40.535797" lon="72.79298"><ele>974.2</ele><extensions><x:speed>0.0</x:speed></extensions><time>2015-10-29T07:44:25.000Z</time></trkpt><trkpt lat="40.53578" lon="72.79292"><ele>973.5</ele><extensions><x:speed>2.5</x:speed></extensions><time>2015-10-29T07:44:30.000Z</time></trkpt><trkpt lat="40.535755" lon="72.792854"><ele>975.3</ele><extensions><x:speed>3.25</x:speed></extensions><time>2015-10-29T07:44:32.000Z</time></trkpt><trkpt lat="40.5357" lon="72.79278"><ele>975.6</ele><extensions><x:speed>2.75</x:speed></extensions><time>2015-10-29T07:44:35.000Z</time></trkpt><trkpt lat="40.535667" lon="72.792755"><ele>975.5</ele><extensions><x:speed>2.0</x:speed></extensions><time>2015-10-29T07:44:37.000Z</time></trkpt><trkpt lat="40.535603" lon="72.79275"><ele>976.5</ele><extensions><x:speed>2.0</x:speed></extensions><time>2015-10-29T07:44:41.000Z</time></trkpt><trkpt lat="40.53555" lon="72.792755"><ele>976.6</ele><extensions><x:speed>3.25</x:speed></extensions><time>2015-10-29T07:44:43.000Z</time></trkpt><trkpt lat="40.53551" lon="72.79277"><ele>976.7</ele><extensions><x:speed>3.75</x:speed></extensions><time>2015-10-29T07:44:44.000Z</time></trkpt><trkpt lat="40.535477" lon="72.79278"><ele>976.7</ele><extensions><x:speed>3.75</x:speed></extensions><time>2015-10-29T07:44:45.000Z</time></trkpt><trkpt lat="40.53544" lon="72.79279"><ele>976.2</ele><extensions><x:speed>3.75</x:speed></extensions><time>2015-10-29T07:44:46.000Z</time></trkpt><trkpt lat="40.5354" lon="72.7928"><ele>976.0</ele><extensions><x:speed>3.75</x:speed></extensions><time>2015-10-29T07:44:47.000Z</time></trkpt><trkpt lat="40.535324" lon="72.79282"><ele>976.6</ele><extensions><x:speed>4.0</x:speed></extensions><time>2015-10-29T07:44:49.000Z</time></trkpt><trkpt lat="40.535282" lon="72.79283"><ele>977.0</ele><extensions><x:speed>4.25</x:speed></extensions><time>2015-10-29T07:44:50.000Z</time></trkpt><trkpt lat="40.535107" lon="72.792854"><ele>977.8</ele><extensions><x:speed>5.0</x:speed></extensions><time>2015-10-29T07:44:53.000Z</time></trkpt><trkpt lat="40.535038" lon="72.79289"><ele>977.3</ele><extensions><x:speed>4.0</x:speed></extensions><time>2015-10-29T07:44:55.000Z</time></trkpt><trkpt lat="40.535004" lon="72.7929"><ele>977.2</ele><extensions><x:speed>0.0</x:speed></extensions><time>2015-10-29T07:45:45.000Z</time></trkpt></trkseg></trk></gpx>
