<?xml version='1.0' encoding='UTF-8' standalone='yes' ?><gpx version="1.1" creator="GPS-Essentials/Android/com.mictale.gpsessentials/4.2.28" xmlns="http://www.topografix.com/GPX/1/1" xmlns:x="http://www.gpsessentials.com/ns/gpx-ext/1/0"><metadata><name>kg-osh-130</name><desc></desc><time>2015-10-26T03:30:53.855Z</time></metadata><wpt lat="40.51167" lon="72.807816"><ele>1005.7</ele><extensions><x:speed>0.75</x:speed></extensions><time>2015-10-26T03:36:00.000Z</time><name>Track Recording Stopped</name><desc>Recording stopped at 15'59" because the user stopped it after 3.37km (262m gain).</desc></wpt><trk><name>Tracking android:f0503deb6017fd06</name><desc>Tracking recently started 2015/10/26 09:20</desc><number>2997</number><trkseg><trkpt lat="40.496273" lon="72.818695"><ele>1017.2</ele><extensions><x:speed>1.0</x:speed></extensions><time>2015-10-26T03:20:00.829Z</time></trkpt><trkpt lat="40.496323" lon="72.81852"><ele>1050.5</ele><extensions><x:speed>2.5</x:speed></extensions><time>2015-10-26T03:20:01.820Z</time></trkpt><trkpt lat="40.49618" lon="72.818375"><ele>1132.2</ele><extensions><x:speed>1.25</x:speed></extensions><time>2015-10-26T03:20:02.816Z</time></trkpt><trkpt lat="40.496178" lon="72.81834"><ele>1093.8</ele><extensions><x:speed>1.0</x:speed></extensions><time>2015-10-26T03:20:04.000Z</time></trkpt><trkpt lat="40.496193" lon="72.8183"><ele>1076.2</ele><extensions><x:speed>1.25</x:speed></extensions><time>2015-10-26T03:20:05.000Z</time></trkpt><trkpt lat="40.496185" lon="72.81832"><ele>1066.0</ele><extensions><x:speed>1.25</x:speed></extensions><time>2015-10-26T03:20:08.000Z</time></trkpt><trkpt lat="40.496185" lon="72.81843"><ele>1049.1</ele><extensions><x:speed>1.25</x:speed></extensions><time>2015-10-26T03:20:12.000Z</time></trkpt><trkpt lat="40.496162" lon="72.81847"><ele>1045.7</ele><extensions><x:speed>1.25</x:speed></extensions><time>2015-10-26T03:20:14.000Z</time></trkpt><trkpt lat="40.496143" lon="72.81847"><ele>1042.3</ele><extensions><x:speed>1.25</x:speed></extensions><time>2015-10-26T03:20:16.000Z</time></trkpt><trkpt lat="40.49611" lon="72.818474"><ele>1041.2</ele><extensions><x:speed>1.25</x:speed></extensions><time>2015-10-26T03:20:19.000Z</time></trkpt><trkpt lat="40.49608" lon="72.81843"><ele>1039.7</ele><extensions><x:speed>1.25</x:speed></extensions><time>2015-10-26T03:20:23.000Z</time></trkpt><trkpt lat="40.496063" lon="72.81838"><ele>1038.1</ele><extensions><x:speed>1.25</x:speed></extensions><time>2015-10-26T03:20:26.000Z</time></trkpt><trkpt lat="40.496044" lon="72.81834"><ele>1037.6</ele><extensions><x:speed>1.25</x:speed></extensions><time>2015-10-26T03:20:29.000Z</time></trkpt><trkpt lat="40.496014" lon="72.81829"><ele>1036.2</ele><extensions><x:speed>1.25</x:speed></extensions><time>2015-10-26T03:20:33.000Z</time></trkpt><trkpt lat="40.496006" lon="72.81825"><ele>1035.3</ele><extensions><x:speed>1.25</x:speed></extensions><time>2015-10-26T03:20:35.000Z</time></trkpt><trkpt lat="40.495983" lon="72.8182"><ele>1036.1</ele><extensions><x:speed>1.25</x:speed></extensions><time>2015-10-26T03:20:39.000Z</time></trkpt><trkpt lat="40.495968" lon="72.81816"><ele>1035.1</ele><extensions><x:speed>1.25</x:speed></extensions><time>2015-10-26T03:20:42.000Z</time></trkpt><trkpt lat="40.49594" lon="72.81812"><ele>1036.3</ele><extensions><x:speed>1.25</x:speed></extensions><time>2015-10-26T03:20:45.000Z</time></trkpt><trkpt lat="40.49591" lon="72.81809"><ele>1036.9</ele><extensions><x:speed>1.25</x:speed></extensions><time>2015-10-26T03:20:48.000Z</time></trkpt><trkpt lat="40.49589" lon="72.818054"><ele>1037.8</ele><extensions><x:speed>1.25</x:speed></extensions><time>2015-10-26T03:20:50.000Z</time></trkpt><trkpt lat="40.49587" lon="72.81801"><ele>1037.2</ele><extensions><x:speed>1.5</x:speed></extensions><time>2015-10-26T03:20:53.000Z</time></trkpt><trkpt lat="40.495834" lon="72.81794"><ele>1036.5</ele><extensions><x:speed>1.5</x:speed></extensions><time>2015-10-26T03:20:57.000Z</time></trkpt><trkpt lat="40.495804" lon="72.81788"><ele>1035.6</ele><extensions><x:speed>1.5</x:speed></extensions><time>2015-10-26T03:21:00.000Z</time></trkpt><trkpt lat="40.495766" lon="72.817825"><ele>1038.2</ele><extensions><x:speed>1.5</x:speed></extensions><time>2015-10-26T03:21:03.000Z</time></trkpt><trkpt lat="40.49574" lon="72.81779"><ele>1038.1</ele><extensions><x:speed>1.5</x:speed></extensions><time>2015-10-26T03:21:06.000Z</time></trkpt><trkpt lat="40.495705" lon="72.81775"><ele>1036.8</ele><extensions><x:speed>1.5</x:speed></extensions><time>2015-10-26T03:21:09.000Z</time></trkpt><trkpt lat="40.495663" lon="72.81777"><ele>1035.6</ele><extensions><x:speed>1.5</x:speed></extensions><time>2015-10-26T03:21:13.000Z</time></trkpt><trkpt lat="40.495605" lon="72.81782"><ele>1034.6</ele><extensions><x:speed>1.5</x:speed></extensions><time>2015-10-26T03:21:19.000Z</time></trkpt><trkpt lat="40.495552" lon="72.81787"><ele>1033.9</ele><extensions><x:speed>1.5</x:speed></extensions><time>2015-10-26T03:21:23.000Z</time></trkpt><trkpt lat="40.495472" lon="72.81796"><ele>1034.9</ele><extensions><x:speed>1.5</x:speed></extensions><time>2015-10-26T03:21:29.000Z</time></trkpt><trkpt lat="40.495434" lon="72.818016"><ele>1036.3</ele><extensions><x:speed>1.75</x:speed></extensions><time>2015-10-26T03:21:32.000Z</time></trkpt><trkpt lat="40.495403" lon="72.81808"><ele>1037.2</ele><extensions><x:speed>1.75</x:speed></extensions><time>2015-10-26T03:21:35.000Z</time></trkpt><trkpt lat="40.49535" lon="72.81819"><ele>1040.9</ele><extensions><x:speed>1.75</x:speed></extensions><time>2015-10-26T03:21:41.000Z</time></trkpt><trkpt lat="40.495277" lon="72.818306"><ele>1040.1</ele><extensions><x:speed>1.75</x:speed></extensions><time>2015-10-26T03:21:47.000Z</time></trkpt><trkpt lat="40.49519" lon="72.8184"><ele>1044.6</ele><extensions><x:speed>1.75</x:speed></extensions><time>2015-10-26T03:21:55.000Z</time></trkpt><trkpt lat="40.495087" lon="72.818436"><ele>1043.0</ele><extensions><x:speed>1.75</x:speed></extensions><time>2015-10-26T03:22:01.000Z</time></trkpt><trkpt lat="40.494995" lon="72.81849"><ele>1041.3</ele><extensions><x:speed>1.5</x:speed></extensions><time>2015-10-26T03:22:10.000Z</time></trkpt><trkpt lat="40.494904" lon="72.8186"><ele>1042.9</ele><extensions><x:speed>1.5</x:speed></extensions><time>2015-10-26T03:22:20.000Z</time></trkpt><trkpt lat="40.494812" lon="72.81866"><ele>1039.8</ele><extensions><x:speed>1.5</x:speed></extensions><time>2015-10-26T03:22:27.000Z</time></trkpt><trkpt lat="40.494728" lon="72.81872"><ele>1041.7</ele><extensions><x:speed>1.5</x:speed></extensions><time>2015-10-26T03:22:33.000Z</time></trkpt><trkpt lat="40.494644" lon="72.818794"><ele>1044.5</ele><extensions><x:speed>1.5</x:speed></extensions><time>2015-10-26T03:22:39.000Z</time></trkpt><trkpt lat="40.494556" lon="72.81889"><ele>1037.2</ele><extensions><x:speed>1.0</x:speed></extensions><time>2015-10-26T03:22:57.000Z</time></trkpt><trkpt lat="40.49447" lon="72.81895"><ele>1037.2</ele><extensions><x:speed>1.5</x:speed></extensions><time>2015-10-26T03:23:03.000Z</time></trkpt><trkpt lat="40.4944" lon="72.81904"><ele>1039.8</ele><extensions><x:speed>1.5</x:speed></extensions><time>2015-10-26T03:23:09.000Z</time></trkpt><trkpt lat="40.494297" lon="72.81913"><ele>1038.4</ele><extensions><x:speed>1.5</x:speed></extensions><time>2015-10-26T03:23:19.000Z</time></trkpt><trkpt lat="40.4942" lon="72.81915"><ele>1036.0</ele><extensions><x:speed>1.25</x:speed></extensions><time>2015-10-26T03:23:30.000Z</time></trkpt><trkpt lat="40.49414" lon="72.81904"><ele>1044.9</ele><extensions><x:speed>1.25</x:speed></extensions><time>2015-10-26T03:23:42.000Z</time></trkpt><trkpt lat="40.494137" lon="72.81892"><ele>1046.4</ele><extensions><x:speed>2.25</x:speed></extensions><time>2015-10-26T03:23:49.000Z</time></trkpt><trkpt lat="40.494076" lon="72.8188"><ele>1043.8</ele><extensions><x:speed>1.5</x:speed></extensions><time>2015-10-26T03:24:01.000Z</time></trkpt><trkpt lat="40.494" lon="72.81869"><ele>1042.4</ele><extensions><x:speed>1.5</x:speed></extensions><time>2015-10-26T03:24:07.000Z</time></trkpt><trkpt lat="40.493923" lon="72.81861"><ele>1041.9</ele><extensions><x:speed>2.25</x:speed></extensions><time>2015-10-26T03:24:11.000Z</time></trkpt><trkpt lat="40.493855" lon="72.81852"><ele>1043.4</ele><extensions><x:speed>2.0</x:speed></extensions><time>2015-10-26T03:24:16.000Z</time></trkpt><trkpt lat="40.493793" lon="72.81842"><ele>1042.7</ele><extensions><x:speed>1.5</x:speed></extensions><time>2015-10-26T03:24:23.000Z</time></trkpt><trkpt lat="40.493725" lon="72.81831"><ele>1046.1</ele><extensions><x:speed>1.75</x:speed></extensions><time>2015-10-26T03:24:33.000Z</time></trkpt><trkpt lat="40.493637" lon="72.81824"><ele>1045.3</ele><extensions><x:speed>1.5</x:speed></extensions><time>2015-10-26T03:24:42.000Z</time></trkpt><trkpt lat="40.493557" lon="72.81815"><ele>1044.2</ele><extensions><x:speed>1.75</x:speed></extensions><time>2015-10-26T03:24:47.000Z</time></trkpt><trkpt lat="40.493435" lon="72.81812"><ele>1044.5</ele><extensions><x:speed>1.75</x:speed></extensions><time>2015-10-26T03:24:56.000Z</time></trkpt><trkpt lat="40.493366" lon="72.81804"><ele>1045.2</ele><extensions><x:speed>1.5</x:speed></extensions><time>2015-10-26T03:25:04.000Z</time></trkpt><trkpt lat="40.493317" lon="72.81794"><ele>1042.8</ele><extensions><x:speed>1.75</x:speed></extensions><time>2015-10-26T03:25:11.000Z</time></trkpt><trkpt lat="40.493248" lon="72.817825"><ele>1041.4</ele><extensions><x:speed>1.75</x:speed></extensions><time>2015-10-26T03:25:18.000Z</time></trkpt><trkpt lat="40.493168" lon="72.81772"><ele>1044.9</ele><extensions><x:speed>1.75</x:speed></extensions><time>2015-10-26T03:25:25.000Z</time></trkpt><trkpt lat="40.49312" lon="72.81759"><ele>1042.5</ele><extensions><x:speed>1.75</x:speed></extensions><time>2015-10-26T03:25:33.000Z</time></trkpt><trkpt lat="40.493057" lon="72.817474"><ele>1047.1</ele><extensions><x:speed>1.5</x:speed></extensions><time>2015-10-26T03:25:41.000Z</time></trkpt><trkpt lat="40.49301" lon="72.817345"><ele>1046.6</ele><extensions><x:speed>1.5</x:speed></extensions><time>2015-10-26T03:25:49.000Z</time></trkpt><trkpt lat="40.492916" lon="72.81733"><ele>1050.9</ele><extensions><x:speed>0.0</x:speed></extensions><time>2015-10-26T03:25:57.000Z</time></trkpt><trkpt lat="40.492897" lon="72.81728"><ele>1051.4</ele><extensions><x:speed>1.75</x:speed></extensions><time>2015-10-26T03:26:13.000Z</time></trkpt><trkpt lat="40.492867" lon="72.81722"><ele>1048.9</ele><extensions><x:speed>1.5</x:speed></extensions><time>2015-10-26T03:26:17.000Z</time></trkpt><trkpt lat="40.492836" lon="72.81715"><ele>1044.9</ele><extensions><x:speed>1.5</x:speed></extensions><time>2015-10-26T03:26:22.000Z</time></trkpt><trkpt lat="40.492786" lon="72.81708"><ele>1044.8</ele><extensions><x:speed>1.5</x:speed></extensions><time>2015-10-26T03:26:27.000Z</time></trkpt><trkpt lat="40.492737" lon="72.81702"><ele>1047.5</ele><extensions><x:speed>1.5</x:speed></extensions><time>2015-10-26T03:26:31.000Z</time></trkpt><trkpt lat="40.492695" lon="72.81695"><ele>1049.3</ele><extensions><x:speed>1.5</x:speed></extensions><time>2015-10-26T03:26:35.000Z</time></trkpt><trkpt lat="40.492653" lon="72.816895"><ele>1050.5</ele><extensions><x:speed>1.5</x:speed></extensions><time>2015-10-26T03:26:39.000Z</time></trkpt><trkpt lat="40.492622" lon="72.816826"><ele>1050.7</ele><extensions><x:speed>1.5</x:speed></extensions><time>2015-10-26T03:26:44.000Z</time></trkpt><trkpt lat="40.49258" lon="72.81679"><ele>1050.5</ele><extensions><x:speed>1.5</x:speed></extensions><time>2015-10-26T03:26:48.000Z</time></trkpt><trkpt lat="40.49254" lon="72.81674"><ele>1053.7</ele><extensions><x:speed>1.5</x:speed></extensions><time>2015-10-26T03:26:52.000Z</time></trkpt><trkpt lat="40.49247" lon="72.81672"><ele>1056.7</ele><extensions><x:speed>1.25</x:speed></extensions><time>2015-10-26T03:26:58.000Z</time></trkpt><trkpt lat="40.49245" lon="72.81665"><ele>1056.5</ele><extensions><x:speed>1.25</x:speed></extensions><time>2015-10-26T03:27:03.000Z</time></trkpt><trkpt lat="40.492428" lon="72.81661"><ele>1055.6</ele><extensions><x:speed>0.0</x:speed></extensions><time>2015-10-26T03:27:12.000Z</time></trkpt><trkpt lat="40.49249" lon="72.81671"><ele>1051.7</ele><extensions><x:speed>3.0</x:speed></extensions><time>2015-10-26T03:28:39.000Z</time></trkpt><trkpt lat="40.492577" lon="72.8168"><ele>1050.5</ele><extensions><x:speed>3.25</x:speed></extensions><time>2015-10-26T03:28:42.000Z</time></trkpt><trkpt lat="40.492695" lon="72.816925"><ele>1049.1</ele><extensions><x:speed>5.75</x:speed></extensions><time>2015-10-26T03:28:44.000Z</time></trkpt><trkpt lat="40.49278" lon="72.817055"><ele>1048.5</ele><extensions><x:speed>6.75</x:speed></extensions><time>2015-10-26T03:28:46.000Z</time></trkpt><trkpt lat="40.492874" lon="72.81722"><ele>1046.7</ele><extensions><x:speed>8.25</x:speed></extensions><time>2015-10-26T03:28:48.000Z</time></trkpt><trkpt lat="40.49297" lon="72.81739"><ele>1046.6</ele><extensions><x:speed>8.75</x:speed></extensions><time>2015-10-26T03:28:50.000Z</time></trkpt><trkpt lat="40.49307" lon="72.81757"><ele>1045.9</ele><extensions><x:speed>9.0</x:speed></extensions><time>2015-10-26T03:28:52.000Z</time></trkpt><trkpt lat="40.493195" lon="72.81773"><ele>1044.2</ele><extensions><x:speed>9.25</x:speed></extensions><time>2015-10-26T03:28:54.000Z</time></trkpt><trkpt lat="40.4933" lon="72.81791"><ele>1043.0</ele><extensions><x:speed>9.25</x:speed></extensions><time>2015-10-26T03:28:56.000Z</time></trkpt><trkpt lat="40.4934" lon="72.818054"><ele>1044.2</ele><extensions><x:speed>8.75</x:speed></extensions><time>2015-10-26T03:28:58.000Z</time></trkpt><trkpt lat="40.493496" lon="72.81821"><ele>1046.1</ele><extensions><x:speed>9.0</x:speed></extensions><time>2015-10-26T03:29:00.000Z</time></trkpt><trkpt lat="40.493603" lon="72.818375"><ele>1045.7</ele><extensions><x:speed>9.25</x:speed></extensions><time>2015-10-26T03:29:02.000Z</time></trkpt><trkpt lat="40.49372" lon="72.818565"><ele>1043.4</ele><extensions><x:speed>10.25</x:speed></extensions><time>2015-10-26T03:29:04.000Z</time></trkpt><trkpt lat="40.493813" lon="72.81877"><ele>1041.9</ele><extensions><x:speed>10.25</x:speed></extensions><time>2015-10-26T03:29:06.000Z</time></trkpt><trkpt lat="40.493874" lon="72.81886"><ele>1041.7</ele><extensions><x:speed>11.0</x:speed></extensions><time>2015-10-26T03:29:07.000Z</time></trkpt><trkpt lat="40.49394" lon="72.81897"><ele>1041.5</ele><extensions><x:speed>11.25</x:speed></extensions><time>2015-10-26T03:29:08.000Z</time></trkpt><trkpt lat="40.494095" lon="72.8192"><ele>1040.7</ele><extensions><x:speed>11.75</x:speed></extensions><time>2015-10-26T03:29:10.000Z</time></trkpt><trkpt lat="40.49416" lon="72.819305"><ele>1038.8</ele><extensions><x:speed>12.0</x:speed></extensions><time>2015-10-26T03:29:11.000Z</time></trkpt><trkpt lat="40.494232" lon="72.81942"><ele>1038.2</ele><extensions><x:speed>11.75</x:speed></extensions><time>2015-10-26T03:29:12.000Z</time></trkpt><trkpt lat="40.49435" lon="72.81965"><ele>1033.8</ele><extensions><x:speed>11.5</x:speed></extensions><time>2015-10-26T03:29:14.000Z</time></trkpt><trkpt lat="40.494457" lon="72.81982"><ele>1032.8</ele><extensions><x:speed>9.5</x:speed></extensions><time>2015-10-26T03:29:16.000Z</time></trkpt><trkpt lat="40.494564" lon="72.81999"><ele>1031.2</ele><extensions><x:speed>9.0</x:speed></extensions><time>2015-10-26T03:29:18.000Z</time></trkpt><trkpt lat="40.49463" lon="72.8201"><ele>1028.7</ele><extensions><x:speed>6.75</x:speed></extensions><time>2015-10-26T03:29:20.000Z</time></trkpt><trkpt lat="40.494675" lon="72.82022"><ele>1028.4</ele><extensions><x:speed>4.0</x:speed></extensions><time>2015-10-26T03:29:22.000Z</time></trkpt><trkpt lat="40.49477" lon="72.82028"><ele>1028.1</ele><extensions><x:speed>4.5</x:speed></extensions><time>2015-10-26T03:29:26.000Z</time></trkpt><trkpt lat="40.494865" lon="72.820274"><ele>1028.3</ele><extensions><x:speed>5.0</x:speed></extensions><time>2015-10-26T03:29:28.000Z</time></trkpt><trkpt lat="40.494976" lon="72.82024"><ele>1028.2</ele><extensions><x:speed>6.0</x:speed></extensions><time>2015-10-26T03:29:30.000Z</time></trkpt><trkpt lat="40.495094" lon="72.82021"><ele>1028.7</ele><extensions><x:speed>6.25</x:speed></extensions><time>2015-10-26T03:29:32.000Z</time></trkpt><trkpt lat="40.495316" lon="72.8201"><ele>1029.6</ele><extensions><x:speed>9.5</x:speed></extensions><time>2015-10-26T03:29:34.000Z</time></trkpt><trkpt lat="40.495426" lon="72.82006"><ele>1030.6</ele><extensions><x:speed>7.25</x:speed></extensions><time>2015-10-26T03:29:36.000Z</time></trkpt><trkpt lat="40.495544" lon="72.82003"><ele>1031.8</ele><extensions><x:speed>6.75</x:speed></extensions><time>2015-10-26T03:29:38.000Z</time></trkpt><trkpt lat="40.495625" lon="72.819954"><ele>1033.7</ele><extensions><x:speed>1.75</x:speed></extensions><time>2015-10-26T03:29:48.000Z</time></trkpt><trkpt lat="40.495743" lon="72.81994"><ele>1032.9</ele><extensions><x:speed>3.25</x:speed></extensions><time>2015-10-26T03:29:52.000Z</time></trkpt><trkpt lat="40.495888" lon="72.81987"><ele>1031.2</ele><extensions><x:speed>6.75</x:speed></extensions><time>2015-10-26T03:29:54.000Z</time></trkpt><trkpt lat="40.496017" lon="72.81981"><ele>1032.8</ele><extensions><x:speed>7.75</x:speed></extensions><time>2015-10-26T03:29:56.000Z</time></trkpt><trkpt lat="40.496117" lon="72.81974"><ele>1033.2</ele><extensions><x:speed>7.5</x:speed></extensions><time>2015-10-26T03:29:58.000Z</time></trkpt><trkpt lat="40.496304" lon="72.81965"><ele>1034.1</ele><extensions><x:speed>9.75</x:speed></extensions><time>2015-10-26T03:30:00.000Z</time></trkpt><trkpt lat="40.496387" lon="72.819595"><ele>1035.2</ele><extensions><x:speed>10.25</x:speed></extensions><time>2015-10-26T03:30:01.000Z</time></trkpt><trkpt lat="40.496483" lon="72.819565"><ele>1032.9</ele><extensions><x:speed>9.75</x:speed></extensions><time>2015-10-26T03:30:02.000Z</time></trkpt><trkpt lat="40.496593" lon="72.81953"><ele>1030.5</ele><extensions><x:speed>10.25</x:speed></extensions><time>2015-10-26T03:30:03.000Z</time></trkpt><trkpt lat="40.49675" lon="72.81948"><ele>1031.3</ele><extensions><x:speed>9.75</x:speed></extensions><time>2015-10-26T03:30:05.000Z</time></trkpt><trkpt lat="40.496952" lon="72.819374"><ele>1031.0</ele><extensions><x:speed>10.25</x:speed></extensions><time>2015-10-26T03:30:07.000Z</time></trkpt><trkpt lat="40.497112" lon="72.81925"><ele>1028.4</ele><extensions><x:speed>9.0</x:speed></extensions><time>2015-10-26T03:30:09.000Z</time></trkpt><trkpt lat="40.49724" lon="72.8192"><ele>1028.1</ele><extensions><x:speed>7.25</x:speed></extensions><time>2015-10-26T03:30:11.000Z</time></trkpt><trkpt lat="40.49735" lon="72.81917"><ele>1027.0</ele><extensions><x:speed>2.75</x:speed></extensions><time>2015-10-26T03:30:23.000Z</time></trkpt><trkpt lat="40.497475" lon="72.81909"><ele>1024.3</ele><extensions><x:speed>4.75</x:speed></extensions><time>2015-10-26T03:30:26.000Z</time></trkpt><trkpt lat="40.497612" lon="72.81902"><ele>1021.6</ele><extensions><x:speed>6.0</x:speed></extensions><time>2015-10-26T03:30:28.000Z</time></trkpt><trkpt lat="40.497723" lon="72.818985"><ele>1021.5</ele><extensions><x:speed>5.75</x:speed></extensions><time>2015-10-26T03:30:30.000Z</time></trkpt><trkpt lat="40.49784" lon="72.81892"><ele>1021.6</ele><extensions><x:speed>6.75</x:speed></extensions><time>2015-10-26T03:30:32.000Z</time></trkpt><trkpt lat="40.498024" lon="72.81885"><ele>1020.5</ele><extensions><x:speed>8.5</x:speed></extensions><time>2015-10-26T03:30:34.000Z</time></trkpt><trkpt lat="40.498154" lon="72.81879"><ele>1021.7</ele><extensions><x:speed>8.0</x:speed></extensions><time>2015-10-26T03:30:36.000Z</time></trkpt><trkpt lat="40.498318" lon="72.818726"><ele>1018.6</ele><extensions><x:speed>7.5</x:speed></extensions><time>2015-10-26T03:30:38.000Z</time></trkpt><trkpt lat="40.49845" lon="72.81866"><ele>1020.2</ele><extensions><x:speed>7.75</x:speed></extensions><time>2015-10-26T03:30:40.000Z</time></trkpt><trkpt lat="40.49858" lon="72.818596"><ele>1019.8</ele><extensions><x:speed>7.0</x:speed></extensions><time>2015-10-26T03:30:42.000Z</time></trkpt><trkpt lat="40.498695" lon="72.81855"><ele>1018.2</ele><extensions><x:speed>6.25</x:speed></extensions><time>2015-10-26T03:30:44.000Z</time></trkpt><trkpt lat="40.49881" lon="72.81851"><ele>1019.0</ele><extensions><x:speed>6.25</x:speed></extensions><time>2015-10-26T03:30:46.000Z</time></trkpt><trkpt lat="40.49896" lon="72.81847"><ele>1015.7</ele><extensions><x:speed>5.75</x:speed></extensions><time>2015-10-26T03:30:49.000Z</time></trkpt><trkpt lat="40.499096" lon="72.81838"><ele>1015.9</ele><extensions><x:speed>5.75</x:speed></extensions><time>2015-10-26T03:30:52.000Z</time></trkpt><trkpt lat="40.499264" lon="72.81829"><ele>1014.9</ele><extensions><x:speed>6.5</x:speed></extensions><time>2015-10-26T03:30:55.000Z</time></trkpt><trkpt lat="40.499397" lon="72.81821"><ele>1018.3</ele><extensions><x:speed>8.0</x:speed></extensions><time>2015-10-26T03:30:57.000Z</time></trkpt><trkpt lat="40.49951" lon="72.818115"><ele>1015.3</ele><extensions><x:speed>8.0</x:speed></extensions><time>2015-10-26T03:30:59.000Z</time></trkpt><trkpt lat="40.499664" lon="72.81801"><ele>1016.5</ele><extensions><x:speed>9.0</x:speed></extensions><time>2015-10-26T03:31:01.000Z</time></trkpt><trkpt lat="40.499767" lon="72.817955"><ele>1016.6</ele><extensions><x:speed>9.5</x:speed></extensions><time>2015-10-26T03:31:02.000Z</time></trkpt><trkpt lat="40.49986" lon="72.817894"><ele>1017.1</ele><extensions><x:speed>9.75</x:speed></extensions><time>2015-10-26T03:31:03.000Z</time></trkpt><trkpt lat="40.500023" lon="72.817795"><ele>1017.7</ele><extensions><x:speed>9.75</x:speed></extensions><time>2015-10-26T03:31:05.000Z</time></trkpt><trkpt lat="40.500107" lon="72.81774"><ele>1019.3</ele><extensions><x:speed>9.5</x:speed></extensions><time>2015-10-26T03:31:06.000Z</time></trkpt><trkpt lat="40.50025" lon="72.817635"><ele>1019.7</ele><extensions><x:speed>10.25</x:speed></extensions><time>2015-10-26T03:31:08.000Z</time></trkpt><trkpt lat="40.500423" lon="72.81751"><ele>1020.8</ele><extensions><x:speed>10.75</x:speed></extensions><time>2015-10-26T03:31:10.000Z</time></trkpt><trkpt lat="40.50062" lon="72.81738"><ele>1018.9</ele><extensions><x:speed>10.5</x:speed></extensions><time>2015-10-26T03:31:12.000Z</time></trkpt><trkpt lat="40.500816" lon="72.81725"><ele>1020.9</ele><extensions><x:speed>11.0</x:speed></extensions><time>2015-10-26T03:31:14.000Z</time></trkpt><trkpt lat="40.50098" lon="72.8171"><ele>1019.6</ele><extensions><x:speed>11.0</x:speed></extensions><time>2015-10-26T03:31:16.000Z</time></trkpt><trkpt lat="40.501118" lon="72.816986"><ele>1021.0</ele><extensions><x:speed>10.75</x:speed></extensions><time>2015-10-26T03:31:18.000Z</time></trkpt><trkpt lat="40.50121" lon="72.816925"><ele>1022.2</ele><extensions><x:speed>11.25</x:speed></extensions><time>2015-10-26T03:31:19.000Z</time></trkpt><trkpt lat="40.50133" lon="72.81682"><ele>1022.8</ele><extensions><x:speed>10.25</x:speed></extensions><time>2015-10-26T03:31:21.000Z</time></trkpt><trkpt lat="40.501503" lon="72.81673"><ele>1020.3</ele><extensions><x:speed>9.75</x:speed></extensions><time>2015-10-26T03:31:23.000Z</time></trkpt><trkpt lat="40.501724" lon="72.816574"><ele>1017.4</ele><extensions><x:speed>11.25</x:speed></extensions><time>2015-10-26T03:31:25.000Z</time></trkpt><trkpt lat="40.50189" lon="72.81648"><ele>1015.8</ele><extensions><x:speed>10.0</x:speed></extensions><time>2015-10-26T03:31:27.000Z</time></trkpt><trkpt lat="40.502045" lon="72.81639"><ele>1014.9</ele><extensions><x:speed>9.75</x:speed></extensions><time>2015-10-26T03:31:29.000Z</time></trkpt><trkpt lat="40.50213" lon="72.81634"><ele>1014.8</ele><extensions><x:speed>9.5</x:speed></extensions><time>2015-10-26T03:31:30.000Z</time></trkpt><trkpt lat="40.502216" lon="72.8163"><ele>1014.8</ele><extensions><x:speed>10.0</x:speed></extensions><time>2015-10-26T03:31:31.000Z</time></trkpt><trkpt lat="40.50238" lon="72.816185"><ele>1016.1</ele><extensions><x:speed>10.25</x:speed></extensions><time>2015-10-26T03:31:33.000Z</time></trkpt><trkpt lat="40.502567" lon="72.81606"><ele>1016.2</ele><extensions><x:speed>9.25</x:speed></extensions><time>2015-10-26T03:31:35.000Z</time></trkpt><trkpt lat="40.502647" lon="72.81601"><ele>1014.7</ele><extensions><x:speed>10.0</x:speed></extensions><time>2015-10-26T03:31:36.000Z</time></trkpt><trkpt lat="40.502808" lon="72.81592"><ele>1014.7</ele><extensions><x:speed>9.5</x:speed></extensions><time>2015-10-26T03:31:38.000Z</time></trkpt><trkpt lat="40.502983" lon="72.81582"><ele>1013.2</ele><extensions><x:speed>10.25</x:speed></extensions><time>2015-10-26T03:31:40.000Z</time></trkpt><trkpt lat="40.50316" lon="72.81574"><ele>1013.6</ele><extensions><x:speed>10.0</x:speed></extensions><time>2015-10-26T03:31:42.000Z</time></trkpt><trkpt lat="40.503254" lon="72.815704"><ele>1012.4</ele><extensions><x:speed>10.5</x:speed></extensions><time>2015-10-26T03:31:43.000Z</time></trkpt><trkpt lat="40.50335" lon="72.81564"><ele>1012.4</ele><extensions><x:speed>10.75</x:speed></extensions><time>2015-10-26T03:31:44.000Z</time></trkpt><trkpt lat="40.50345" lon="72.815605"><ele>1010.6</ele><extensions><x:speed>10.75</x:speed></extensions><time>2015-10-26T03:31:45.000Z</time></trkpt><trkpt lat="40.50362" lon="72.81554"><ele>1010.0</ele><extensions><x:speed>10.5</x:speed></extensions><time>2015-10-26T03:31:47.000Z</time></trkpt><trkpt lat="40.503796" lon="72.81547"><ele>1009.3</ele><extensions><x:speed>10.75</x:speed></extensions><time>2015-10-26T03:31:49.000Z</time></trkpt><trkpt lat="40.503895" lon="72.81543"><ele>1010.0</ele><extensions><x:speed>10.75</x:speed></extensions><time>2015-10-26T03:31:50.000Z</time></trkpt><trkpt lat="40.50401" lon="72.81538"><ele>1008.5</ele><extensions><x:speed>11.25</x:speed></extensions><time>2015-10-26T03:31:51.000Z</time></trkpt><trkpt lat="40.504116" lon="72.81532"><ele>1008.0</ele><extensions><x:speed>11.5</x:speed></extensions><time>2015-10-26T03:31:52.000Z</time></trkpt><trkpt lat="40.504284" lon="72.815254"><ele>1007.3</ele><extensions><x:speed>11.0</x:speed></extensions><time>2015-10-26T03:31:54.000Z</time></trkpt><trkpt lat="40.50445" lon="72.81519"><ele>1007.9</ele><extensions><x:speed>10.5</x:speed></extensions><time>2015-10-26T03:31:56.000Z</time></trkpt><trkpt lat="40.504654" lon="72.81512"><ele>1007.9</ele><extensions><x:speed>11.5</x:speed></extensions><time>2015-10-26T03:31:58.000Z</time></trkpt><trkpt lat="40.504787" lon="72.81507"><ele>1011.5</ele><extensions><x:speed>10.5</x:speed></extensions><time>2015-10-26T03:32:00.000Z</time></trkpt><trkpt lat="40.50501" lon="72.81497"><ele>1009.6</ele><extensions><x:speed>11.0</x:speed></extensions><time>2015-10-26T03:32:02.000Z</time></trkpt><trkpt lat="40.505188" lon="72.814865"><ele>1007.3</ele><extensions><x:speed>9.0</x:speed></extensions><time>2015-10-26T03:32:04.000Z</time></trkpt><trkpt lat="40.50535" lon="72.81478"><ele>1006.0</ele><extensions><x:speed>9.25</x:speed></extensions><time>2015-10-26T03:32:06.000Z</time></trkpt><trkpt lat="40.50547" lon="72.81475"><ele>1005.0</ele><extensions><x:speed>7.5</x:speed></extensions><time>2015-10-26T03:32:08.000Z</time></trkpt><trkpt lat="40.50556" lon="72.81468"><ele>1003.5</ele><extensions><x:speed>5.0</x:speed></extensions><time>2015-10-26T03:32:10.000Z</time></trkpt><trkpt lat="40.505615" lon="72.81458"><ele>1004.2</ele><extensions><x:speed>4.75</x:speed></extensions><time>2015-10-26T03:32:12.000Z</time></trkpt><trkpt lat="40.50559" lon="72.814445"><ele>1004.0</ele><extensions><x:speed>5.75</x:speed></extensions><time>2015-10-26T03:32:14.000Z</time></trkpt><trkpt lat="40.50555" lon="72.81428"><ele>1005.0</ele><extensions><x:speed>6.75</x:speed></extensions><time>2015-10-26T03:32:16.000Z</time></trkpt><trkpt lat="40.50545" lon="72.814125"><ele>1003.9</ele><extensions><x:speed>7.5</x:speed></extensions><time>2015-10-26T03:32:18.000Z</time></trkpt><trkpt lat="40.505386" lon="72.81394"><ele>1003.4</ele><extensions><x:speed>8.25</x:speed></extensions><time>2015-10-26T03:32:20.000Z</time></trkpt><trkpt lat="40.505306" lon="72.81374"><ele>1006.1</ele><extensions><x:speed>8.5</x:speed></extensions><time>2015-10-26T03:32:22.000Z</time></trkpt><trkpt lat="40.505234" lon="72.81358"><ele>1007.1</ele><extensions><x:speed>6.75</x:speed></extensions><time>2015-10-26T03:32:24.000Z</time></trkpt><trkpt lat="40.50523" lon="72.81342"><ele>1006.8</ele><extensions><x:speed>5.75</x:speed></extensions><time>2015-10-26T03:32:27.000Z</time></trkpt><trkpt lat="40.505367" lon="72.81329"><ele>1006.3</ele><extensions><x:speed>6.75</x:speed></extensions><time>2015-10-26T03:32:30.000Z</time></trkpt><trkpt lat="40.505447" lon="72.81324"><ele>1007.1</ele><extensions><x:speed>2.0</x:speed></extensions><time>2015-10-26T03:32:33.000Z</time></trkpt><trkpt lat="40.50553" lon="72.81316"><ele>1007.2</ele><extensions><x:speed>2.75</x:speed></extensions><time>2015-10-26T03:32:42.000Z</time></trkpt><trkpt lat="40.505672" lon="72.81304"><ele>1008.0</ele><extensions><x:speed>6.0</x:speed></extensions><time>2015-10-26T03:32:45.000Z</time></trkpt><trkpt lat="40.50581" lon="72.81292"><ele>1010.3</ele><extensions><x:speed>7.75</x:speed></extensions><time>2015-10-26T03:32:47.000Z</time></trkpt><trkpt lat="40.505898" lon="72.812836"><ele>1010.5</ele><extensions><x:speed>6.25</x:speed></extensions><time>2015-10-26T03:32:49.000Z</time></trkpt><trkpt lat="40.506035" lon="72.812706"><ele>1009.2</ele><extensions><x:speed>9.0</x:speed></extensions><time>2015-10-26T03:32:51.000Z</time></trkpt><trkpt lat="40.506123" lon="72.81264"><ele>1009.1</ele><extensions><x:speed>9.5</x:speed></extensions><time>2015-10-26T03:32:52.000Z</time></trkpt><trkpt lat="40.50627" lon="72.81249"><ele>1008.9</ele><extensions><x:speed>10.5</x:speed></extensions><time>2015-10-26T03:32:54.000Z</time></trkpt><trkpt lat="40.506428" lon="72.81235"><ele>1009.6</ele><extensions><x:speed>11.0</x:speed></extensions><time>2015-10-26T03:32:56.000Z</time></trkpt><trkpt lat="40.50661" lon="72.8122"><ele>1008.4</ele><extensions><x:speed>11.5</x:speed></extensions><time>2015-10-26T03:32:58.000Z</time></trkpt><trkpt lat="40.50679" lon="72.81206"><ele>1007.1</ele><extensions><x:speed>11.25</x:speed></extensions><time>2015-10-26T03:33:00.000Z</time></trkpt><trkpt lat="40.506947" lon="72.81188"><ele>1007.5</ele><extensions><x:speed>11.75</x:speed></extensions><time>2015-10-26T03:33:02.000Z</time></trkpt><trkpt lat="40.507114" lon="72.81174"><ele>1009.1</ele><extensions><x:speed>11.75</x:speed></extensions><time>2015-10-26T03:33:04.000Z</time></trkpt><trkpt lat="40.507206" lon="72.81168"><ele>1010.3</ele><extensions><x:speed>11.25</x:speed></extensions><time>2015-10-26T03:33:05.000Z</time></trkpt><trkpt lat="40.5073" lon="72.811615"><ele>1009.3</ele><extensions><x:speed>11.0</x:speed></extensions><time>2015-10-26T03:33:06.000Z</time></trkpt><trkpt lat="40.50744" lon="72.81147"><ele>1008.9</ele><extensions><x:speed>9.75</x:speed></extensions><time>2015-10-26T03:33:08.000Z</time></trkpt><trkpt lat="40.50757" lon="72.811356"><ele>1008.6</ele><extensions><x:speed>8.0</x:speed></extensions><time>2015-10-26T03:33:10.000Z</time></trkpt><trkpt lat="40.50765" lon="72.811295"><ele>1008.3</ele><extensions><x:speed>0.25</x:speed></extensions><time>2015-10-26T03:33:14.000Z</time></trkpt><trkpt lat="40.507717" lon="72.81117"><ele>1009.5</ele><extensions><x:speed>2.0</x:speed></extensions><time>2015-10-26T03:33:29.000Z</time></trkpt><trkpt lat="40.50781" lon="72.81113"><ele>1008.7</ele><extensions><x:speed>0.5</x:speed></extensions><time>2015-10-26T03:33:41.000Z</time></trkpt><trkpt lat="40.50791" lon="72.81102"><ele>1008.7</ele><extensions><x:speed>4.75</x:speed></extensions><time>2015-10-26T03:33:46.000Z</time></trkpt><trkpt lat="40.50809" lon="72.81092"><ele>1006.5</ele><extensions><x:speed>7.25</x:speed></extensions><time>2015-10-26T03:33:48.000Z</time></trkpt><trkpt lat="40.50822" lon="72.81078"><ele>1006.3</ele><extensions><x:speed>8.75</x:speed></extensions><time>2015-10-26T03:33:50.000Z</time></trkpt><trkpt lat="40.508373" lon="72.81065"><ele>1006.5</ele><extensions><x:speed>10.0</x:speed></extensions><time>2015-10-26T03:33:52.000Z</time></trkpt><trkpt lat="40.508453" lon="72.81057"><ele>1005.2</ele><extensions><x:speed>11.25</x:speed></extensions><time>2015-10-26T03:33:53.000Z</time></trkpt><trkpt lat="40.508553" lon="72.81048"><ele>1007.0</ele><extensions><x:speed>12.0</x:speed></extensions><time>2015-10-26T03:33:54.000Z</time></trkpt><trkpt lat="40.508656" lon="72.8104"><ele>1007.1</ele><extensions><x:speed>12.25</x:speed></extensions><time>2015-10-26T03:33:55.000Z</time></trkpt><trkpt lat="40.508747" lon="72.81033"><ele>1007.8</ele><extensions><x:speed>12.0</x:speed></extensions><time>2015-10-26T03:33:56.000Z</time></trkpt><trkpt lat="40.508846" lon="72.81023"><ele>1007.9</ele><extensions><x:speed>12.5</x:speed></extensions><time>2015-10-26T03:33:57.000Z</time></trkpt><trkpt lat="40.508945" lon="72.81014"><ele>1006.8</ele><extensions><x:speed>13.25</x:speed></extensions><time>2015-10-26T03:33:58.000Z</time></trkpt><trkpt lat="40.509037" lon="72.81005"><ele>1006.0</ele><extensions><x:speed>12.75</x:speed></extensions><time>2015-10-26T03:33:59.000Z</time></trkpt><trkpt lat="40.50913" lon="72.809975"><ele>1004.0</ele><extensions><x:speed>12.75</x:speed></extensions><time>2015-10-26T03:34:00.000Z</time></trkpt><trkpt lat="40.509224" lon="72.809875"><ele>1003.3</ele><extensions><x:speed>13.0</x:speed></extensions><time>2015-10-26T03:34:01.000Z</time></trkpt><trkpt lat="40.50934" lon="72.809784"><ele>1003.1</ele><extensions><x:speed>13.5</x:speed></extensions><time>2015-10-26T03:34:02.000Z</time></trkpt><trkpt lat="40.509426" lon="72.80971"><ele>1002.2</ele><extensions><x:speed>12.75</x:speed></extensions><time>2015-10-26T03:34:03.000Z</time></trkpt><trkpt lat="40.509533" lon="72.80962"><ele>1005.0</ele><extensions><x:speed>13.0</x:speed></extensions><time>2015-10-26T03:34:04.000Z</time></trkpt><trkpt lat="40.509766" lon="72.80941"><ele>1003.1</ele><extensions><x:speed>14.75</x:speed></extensions><time>2015-10-26T03:34:06.000Z</time></trkpt><trkpt lat="40.50987" lon="72.80932"><ele>1002.9</ele><extensions><x:speed>14.5</x:speed></extensions><time>2015-10-26T03:34:07.000Z</time></trkpt><trkpt lat="40.510056" lon="72.809166"><ele>1003.1</ele><extensions><x:speed>12.75</x:speed></extensions><time>2015-10-26T03:34:09.000Z</time></trkpt><trkpt lat="40.51024" lon="72.80902"><ele>1003.2</ele><extensions><x:speed>12.0</x:speed></extensions><time>2015-10-26T03:34:11.000Z</time></trkpt><trkpt lat="40.51043" lon="72.80888"><ele>1002.4</ele><extensions><x:speed>12.0</x:speed></extensions><time>2015-10-26T03:34:13.000Z</time></trkpt><trkpt lat="40.51065" lon="72.80881"><ele>1000.1</ele><extensions><x:speed>9.5</x:speed></extensions><time>2015-10-26T03:34:16.000Z</time></trkpt><trkpt lat="40.510868" lon="72.80855"><ele>1003.0</ele><extensions><x:speed>11.5</x:speed></extensions><time>2015-10-26T03:34:19.000Z</time></trkpt><trkpt lat="40.51109" lon="72.80836"><ele>1001.4</ele><extensions><x:speed>9.75</x:speed></extensions><time>2015-10-26T03:34:22.000Z</time></trkpt><trkpt lat="40.51122" lon="72.80824"><ele>1000.6</ele><extensions><x:speed>5.75</x:speed></extensions><time>2015-10-26T03:34:25.000Z</time></trkpt><trkpt lat="40.511242" lon="72.80819"><ele>1005.4</ele><extensions><x:speed>0.0</x:speed></extensions><time>2015-10-26T03:34:42.000Z</time></trkpt><trkpt lat="40.51121" lon="72.808235"><ele>1003.2</ele><extensions><x:speed>0.75</x:speed></extensions><time>2015-10-26T03:34:45.000Z</time></trkpt><trkpt lat="40.511173" lon="72.808235"><ele>1000.8</ele><extensions><x:speed>0.0</x:speed></extensions><time>2015-10-26T03:34:51.000Z</time></trkpt><trkpt lat="40.511158" lon="72.80819"><ele>1000.9</ele><extensions><x:speed>0.75</x:speed></extensions><time>2015-10-26T03:34:57.000Z</time></trkpt><trkpt lat="40.511185" lon="72.80821"><ele>996.8</ele><extensions><x:speed>0.75</x:speed></extensions><time>2015-10-26T03:35:04.000Z</time></trkpt><trkpt lat="40.511227" lon="72.80824"><ele>995.7</ele><extensions><x:speed>1.25</x:speed></extensions><time>2015-10-26T03:35:07.000Z</time></trkpt><trkpt lat="40.511314" lon="72.808235"><ele>995.9</ele><extensions><x:speed>1.25</x:speed></extensions><time>2015-10-26T03:35:13.000Z</time></trkpt><trkpt lat="40.511345" lon="72.80816"><ele>999.9</ele><extensions><x:speed>0.0</x:speed></extensions><time>2015-10-26T03:35:23.000Z</time></trkpt><trkpt lat="40.511414" lon="72.808105"><ele>1002.2</ele><extensions><x:speed>1.25</x:speed></extensions><time>2015-10-26T03:35:37.000Z</time></trkpt><trkpt lat="40.51147" lon="72.80804"><ele>1005.6</ele><extensions><x:speed>1.25</x:speed></extensions><time>2015-10-26T03:35:42.000Z</time></trkpt><trkpt lat="40.511505" lon="72.80796"><ele>1004.2</ele><extensions><x:speed>1.5</x:speed></extensions><time>2015-10-26T03:35:45.000Z</time></trkpt><trkpt lat="40.511562" lon="72.8079"><ele>1003.4</ele><extensions><x:speed>1.5</x:speed></extensions><time>2015-10-26T03:35:50.000Z</time></trkpt><trkpt lat="40.511616" lon="72.80785"><ele>1004.6</ele><extensions><x:speed>1.5</x:speed></extensions><time>2015-10-26T03:35:54.000Z</time></trkpt><trkpt lat="40.51167" lon="72.807816"><ele>1005.7</ele><extensions><x:speed>0.75</x:speed></extensions><time>2015-10-26T03:36:00.000Z</time></trkpt></trkseg></trk></gpx>
