<?xml version='1.0' encoding='UTF-8' standalone='yes' ?><gpx version="1.1" creator="GPS-Essentials/Android/com.mictale.gpsessentials/4.2.28" xmlns="http://www.topografix.com/GPX/1/1" xmlns:x="http://www.gpsessentials.com/ns/gpx-ext/1/0"><metadata><name>kg-osh-119</name><desc></desc><time>2015-10-29T08:11:12.733Z</time></metadata><wpt lat="40.51268" lon="72.79328"><ele>1022.6</ele><extensions><x:speed>6.0</x:speed></extensions><time>2015-10-29T08:29:38.000Z</time><name>Track Recording Stopped</name><desc>Recording stopped at 21'01" because the user stopped it after 4.00km (215m gain).</desc></wpt><trk><name>Tracking android:f0503deb6017fd06</name><desc>Tracking recently started 2015/10/29 14:05</desc><number>4499</number><trkseg><trkpt lat="40.539013" lon="72.79156"><ele>973.1</ele><extensions><x:speed>0.0</x:speed></extensions><time>2015-10-29T08:08:37.000Z</time></trkpt><trkpt lat="40.539005" lon="72.79157"><ele>969.1</ele><extensions><x:speed>0.5</x:speed></extensions><time>2015-10-29T08:11:33.000Z</time></trkpt><trkpt lat="40.53897" lon="72.7916"><ele>966.8</ele><extensions><x:speed>0.75</x:speed></extensions><time>2015-10-29T08:11:37.000Z</time></trkpt><trkpt lat="40.538876" lon="72.79157"><ele>958.6</ele><extensions><x:speed>2.25</x:speed></extensions><time>2015-10-29T08:11:45.000Z</time></trkpt><trkpt lat="40.53881" lon="72.791534"><ele>957.6</ele><extensions><x:speed>2.5</x:speed></extensions><time>2015-10-29T08:11:47.000Z</time></trkpt><trkpt lat="40.538868" lon="72.79154"><ele>954.3</ele><extensions><x:speed>0.0</x:speed></extensions><time>2015-10-29T08:11:52.000Z</time></trkpt><trkpt lat="40.53892" lon="72.79157"><ele>955.8</ele><extensions><x:speed>0.0</x:speed></extensions><time>2015-10-29T08:11:56.000Z</time></trkpt><trkpt lat="40.53896" lon="72.791565"><ele>959.7</ele><extensions><x:speed>0.5</x:speed></extensions><time>2015-10-29T08:12:07.000Z</time></trkpt><trkpt lat="40.538986" lon="72.79155"><ele>960.6</ele><extensions><x:speed>0.75</x:speed></extensions><time>2015-10-29T08:12:11.000Z</time></trkpt><trkpt lat="40.538986" lon="72.791504"><ele>962.6</ele><extensions><x:speed>0.25</x:speed></extensions><time>2015-10-29T08:12:27.000Z</time></trkpt><trkpt lat="40.538975" lon="72.79144"><ele>962.4</ele><extensions><x:speed>1.5</x:speed></extensions><time>2015-10-29T08:12:31.000Z</time></trkpt><trkpt lat="40.538925" lon="72.79139"><ele>961.8</ele><extensions><x:speed>1.25</x:speed></extensions><time>2015-10-29T08:12:35.000Z</time></trkpt><trkpt lat="40.538883" lon="72.7914"><ele>962.3</ele><extensions><x:speed>1.25</x:speed></extensions><time>2015-10-29T08:12:38.000Z</time></trkpt><trkpt lat="40.53885" lon="72.79142"><ele>961.2</ele><extensions><x:speed>1.5</x:speed></extensions><time>2015-10-29T08:12:41.000Z</time></trkpt><trkpt lat="40.53882" lon="72.791435"><ele>961.9</ele><extensions><x:speed>0.75</x:speed></extensions><time>2015-10-29T08:12:48.000Z</time></trkpt><trkpt lat="40.53878" lon="72.79144"><ele>961.5</ele><extensions><x:speed>2.0</x:speed></extensions><time>2015-10-29T08:12:50.000Z</time></trkpt><trkpt lat="40.538742" lon="72.79145"><ele>960.3</ele><extensions><x:speed>1.75</x:speed></extensions><time>2015-10-29T08:12:52.000Z</time></trkpt><trkpt lat="40.538708" lon="72.79146"><ele>959.3</ele><extensions><x:speed>1.5</x:speed></extensions><time>2015-10-29T08:12:55.000Z</time></trkpt><trkpt lat="40.538647" lon="72.791466"><ele>960.0</ele><extensions><x:speed>2.25</x:speed></extensions><time>2015-10-29T08:12:58.000Z</time></trkpt><trkpt lat="40.538605" lon="72.7915"><ele>958.7</ele><extensions><x:speed>2.0</x:speed></extensions><time>2015-10-29T08:13:00.000Z</time></trkpt><trkpt lat="40.53858" lon="72.791534"><ele>959.9</ele><extensions><x:speed>0.5</x:speed></extensions><time>2015-10-29T08:13:03.000Z</time></trkpt><trkpt lat="40.538624" lon="72.79151"><ele>961.4</ele><extensions><x:speed>1.0</x:speed></extensions><time>2015-10-29T08:13:32.000Z</time></trkpt><trkpt lat="40.538654" lon="72.79153"><ele>961.0</ele><extensions><x:speed>0.0</x:speed></extensions><time>2015-10-29T08:13:36.000Z</time></trkpt><trkpt lat="40.538605" lon="72.79156"><ele>964.3</ele><extensions><x:speed>2.25</x:speed></extensions><time>2015-10-29T08:14:23.000Z</time></trkpt><trkpt lat="40.53854" lon="72.7916"><ele>966.6</ele><extensions><x:speed>3.5</x:speed></extensions><time>2015-10-29T08:14:25.000Z</time></trkpt><trkpt lat="40.538498" lon="72.79164"><ele>966.1</ele><extensions><x:speed>4.25</x:speed></extensions><time>2015-10-29T08:14:26.000Z</time></trkpt><trkpt lat="40.538456" lon="72.79167"><ele>965.6</ele><extensions><x:speed>4.25</x:speed></extensions><time>2015-10-29T08:14:27.000Z</time></trkpt><trkpt lat="40.538372" lon="72.79173"><ele>965.1</ele><extensions><x:speed>4.5</x:speed></extensions><time>2015-10-29T08:14:29.000Z</time></trkpt><trkpt lat="40.538284" lon="72.79178"><ele>963.7</ele><extensions><x:speed>4.5</x:speed></extensions><time>2015-10-29T08:14:31.000Z</time></trkpt><trkpt lat="40.538124" lon="72.79183"><ele>963.9</ele><extensions><x:speed>6.5</x:speed></extensions><time>2015-10-29T08:14:33.000Z</time></trkpt><trkpt lat="40.538002" lon="72.79185"><ele>965.4</ele><extensions><x:speed>6.25</x:speed></extensions><time>2015-10-29T08:14:35.000Z</time></trkpt><trkpt lat="40.537926" lon="72.791885"><ele>964.7</ele><extensions><x:speed>6.25</x:speed></extensions><time>2015-10-29T08:14:36.000Z</time></trkpt><trkpt lat="40.537834" lon="72.79192"><ele>965.2</ele><extensions><x:speed>5.75</x:speed></extensions><time>2015-10-29T08:14:38.000Z</time></trkpt><trkpt lat="40.53773" lon="72.79196"><ele>965.7</ele><extensions><x:speed>6.25</x:speed></extensions><time>2015-10-29T08:14:40.000Z</time></trkpt><trkpt lat="40.53766" lon="72.79199"><ele>965.6</ele><extensions><x:speed>6.25</x:speed></extensions><time>2015-10-29T08:14:41.000Z</time></trkpt><trkpt lat="40.53759" lon="72.79202"><ele>966.2</ele><extensions><x:speed>7.25</x:speed></extensions><time>2015-10-29T08:14:42.000Z</time></trkpt><trkpt lat="40.537514" lon="72.79206"><ele>966.3</ele><extensions><x:speed>7.5</x:speed></extensions><time>2015-10-29T08:14:43.000Z</time></trkpt><trkpt lat="40.53745" lon="72.79209"><ele>966.0</ele><extensions><x:speed>7.5</x:speed></extensions><time>2015-10-29T08:14:44.000Z</time></trkpt><trkpt lat="40.53738" lon="72.79213"><ele>965.5</ele><extensions><x:speed>7.25</x:speed></extensions><time>2015-10-29T08:14:45.000Z</time></trkpt><trkpt lat="40.53731" lon="72.792145"><ele>966.5</ele><extensions><x:speed>7.5</x:speed></extensions><time>2015-10-29T08:14:46.000Z</time></trkpt><trkpt lat="40.53724" lon="72.79217"><ele>968.2</ele><extensions><x:speed>7.5</x:speed></extensions><time>2015-10-29T08:14:47.000Z</time></trkpt><trkpt lat="40.53716" lon="72.7922"><ele>969.1</ele><extensions><x:speed>8.0</x:speed></extensions><time>2015-10-29T08:14:48.000Z</time></trkpt><trkpt lat="40.537033" lon="72.79224"><ele>967.4</ele><extensions><x:speed>8.25</x:speed></extensions><time>2015-10-29T08:14:50.000Z</time></trkpt><trkpt lat="40.536953" lon="72.79227"><ele>966.9</ele><extensions><x:speed>7.25</x:speed></extensions><time>2015-10-29T08:14:51.000Z</time></trkpt><trkpt lat="40.53689" lon="72.7923"><ele>965.3</ele><extensions><x:speed>7.25</x:speed></extensions><time>2015-10-29T08:14:52.000Z</time></trkpt><trkpt lat="40.536777" lon="72.792336"><ele>967.3</ele><extensions><x:speed>6.25</x:speed></extensions><time>2015-10-29T08:14:54.000Z</time></trkpt><trkpt lat="40.53667" lon="72.79238"><ele>963.7</ele><extensions><x:speed>3.5</x:speed></extensions><time>2015-10-29T08:14:57.000Z</time></trkpt><trkpt lat="40.53656" lon="72.79242"><ele>964.9</ele><extensions><x:speed>2.25</x:speed></extensions><time>2015-10-29T08:15:08.000Z</time></trkpt><trkpt lat="40.53646" lon="72.79245"><ele>967.1</ele><extensions><x:speed>3.5</x:speed></extensions><time>2015-10-29T08:15:11.000Z</time></trkpt><trkpt lat="40.536366" lon="72.79249"><ele>968.4</ele><extensions><x:speed>3.25</x:speed></extensions><time>2015-10-29T08:15:14.000Z</time></trkpt><trkpt lat="40.53627" lon="72.79255"><ele>967.0</ele><extensions><x:speed>3.25</x:speed></extensions><time>2015-10-29T08:15:17.000Z</time></trkpt><trkpt lat="40.53615" lon="72.792595"><ele>966.4</ele><extensions><x:speed>3.0</x:speed></extensions><time>2015-10-29T08:15:21.000Z</time></trkpt><trkpt lat="40.53611" lon="72.79266"><ele>972.4</ele><extensions><x:speed>0.0</x:speed></extensions><time>2015-10-29T08:15:38.000Z</time></trkpt><trkpt lat="40.53604" lon="72.792694"><ele>972.2</ele><extensions><x:speed>3.75</x:speed></extensions><time>2015-10-29T08:15:46.000Z</time></trkpt><trkpt lat="40.536" lon="72.79271"><ele>971.2</ele><extensions><x:speed>4.0</x:speed></extensions><time>2015-10-29T08:15:47.000Z</time></trkpt><trkpt lat="40.53596" lon="72.79272"><ele>971.6</ele><extensions><x:speed>4.0</x:speed></extensions><time>2015-10-29T08:15:48.000Z</time></trkpt><trkpt lat="40.53592" lon="72.79273"><ele>972.3</ele><extensions><x:speed>4.25</x:speed></extensions><time>2015-10-29T08:15:49.000Z</time></trkpt><trkpt lat="40.53578" lon="72.79276"><ele>972.5</ele><extensions><x:speed>6.25</x:speed></extensions><time>2015-10-29T08:15:51.000Z</time></trkpt><trkpt lat="40.535725" lon="72.79278"><ele>972.7</ele><extensions><x:speed>6.25</x:speed></extensions><time>2015-10-29T08:15:52.000Z</time></trkpt><trkpt lat="40.53567" lon="72.7928"><ele>972.8</ele><extensions><x:speed>6.25</x:speed></extensions><time>2015-10-29T08:15:53.000Z</time></trkpt><trkpt lat="40.535614" lon="72.792816"><ele>973.0</ele><extensions><x:speed>6.75</x:speed></extensions><time>2015-10-29T08:15:54.000Z</time></trkpt><trkpt lat="40.53555" lon="72.79284"><ele>973.9</ele><extensions><x:speed>7.0</x:speed></extensions><time>2015-10-29T08:15:55.000Z</time></trkpt><trkpt lat="40.535366" lon="72.7929"><ele>973.5</ele><extensions><x:speed>7.75</x:speed></extensions><time>2015-10-29T08:15:58.000Z</time></trkpt><trkpt lat="40.53521" lon="72.79295"><ele>972.8</ele><extensions><x:speed>7.75</x:speed></extensions><time>2015-10-29T08:16:00.000Z</time></trkpt><trkpt lat="40.53515" lon="72.79297"><ele>973.4</ele><extensions><x:speed>7.0</x:speed></extensions><time>2015-10-29T08:16:01.000Z</time></trkpt><trkpt lat="40.535084" lon="72.792984"><ele>973.2</ele><extensions><x:speed>6.5</x:speed></extensions><time>2015-10-29T08:16:02.000Z</time></trkpt><trkpt lat="40.53502" lon="72.793015"><ele>973.1</ele><extensions><x:speed>6.75</x:speed></extensions><time>2015-10-29T08:16:03.000Z</time></trkpt><trkpt lat="40.53491" lon="72.79305"><ele>974.6</ele><extensions><x:speed>4.0</x:speed></extensions><time>2015-10-29T08:16:06.000Z</time></trkpt><trkpt lat="40.534866" lon="72.79307"><ele>975.3</ele><extensions><x:speed>1.75</x:speed></extensions><time>2015-10-29T08:16:08.000Z</time></trkpt><trkpt lat="40.53482" lon="72.793076"><ele>976.8</ele><extensions><x:speed>2.0</x:speed></extensions><time>2015-10-29T08:16:11.000Z</time></trkpt><trkpt lat="40.534767" lon="72.793106"><ele>977.7</ele><extensions><x:speed>2.75</x:speed></extensions><time>2015-10-29T08:16:13.000Z</time></trkpt><trkpt lat="40.534714" lon="72.79312"><ele>977.8</ele><extensions><x:speed>3.25</x:speed></extensions><time>2015-10-29T08:16:15.000Z</time></trkpt><trkpt lat="40.534653" lon="72.79315"><ele>978.3</ele><extensions><x:speed>3.5</x:speed></extensions><time>2015-10-29T08:16:17.000Z</time></trkpt><trkpt lat="40.534565" lon="72.79319"><ele>980.4</ele><extensions><x:speed>5.5</x:speed></extensions><time>2015-10-29T08:16:19.000Z</time></trkpt><trkpt lat="40.534492" lon="72.79323"><ele>981.6</ele><extensions><x:speed>6.25</x:speed></extensions><time>2015-10-29T08:16:20.000Z</time></trkpt><trkpt lat="40.53443" lon="72.79325"><ele>981.6</ele><extensions><x:speed>7.25</x:speed></extensions><time>2015-10-29T08:16:21.000Z</time></trkpt><trkpt lat="40.53437" lon="72.79327"><ele>981.9</ele><extensions><x:speed>7.5</x:speed></extensions><time>2015-10-29T08:16:22.000Z</time></trkpt><trkpt lat="40.53417" lon="72.79331"><ele>982.5</ele><extensions><x:speed>8.5</x:speed></extensions><time>2015-10-29T08:16:25.000Z</time></trkpt><trkpt lat="40.533962" lon="72.79342"><ele>982.8</ele><extensions><x:speed>8.25</x:speed></extensions><time>2015-10-29T08:16:28.000Z</time></trkpt><trkpt lat="40.53375" lon="72.79347"><ele>981.1</ele><extensions><x:speed>8.25</x:speed></extensions><time>2015-10-29T08:16:31.000Z</time></trkpt><trkpt lat="40.53369" lon="72.79351"><ele>980.2</ele><extensions><x:speed>8.0</x:speed></extensions><time>2015-10-29T08:16:32.000Z</time></trkpt><trkpt lat="40.533627" lon="72.79353"><ele>978.9</ele><extensions><x:speed>8.0</x:speed></extensions><time>2015-10-29T08:16:33.000Z</time></trkpt><trkpt lat="40.533554" lon="72.79356"><ele>980.4</ele><extensions><x:speed>7.5</x:speed></extensions><time>2015-10-29T08:16:34.000Z</time></trkpt><trkpt lat="40.533485" lon="72.79358"><ele>981.2</ele><extensions><x:speed>7.25</x:speed></extensions><time>2015-10-29T08:16:35.000Z</time></trkpt><trkpt lat="40.533424" lon="72.7936"><ele>982.3</ele><extensions><x:speed>7.25</x:speed></extensions><time>2015-10-29T08:16:36.000Z</time></trkpt><trkpt lat="40.533363" lon="72.79362"><ele>983.4</ele><extensions><x:speed>7.25</x:speed></extensions><time>2015-10-29T08:16:37.000Z</time></trkpt><trkpt lat="40.533306" lon="72.793655"><ele>984.3</ele><extensions><x:speed>7.25</x:speed></extensions><time>2015-10-29T08:16:38.000Z</time></trkpt><trkpt lat="40.533188" lon="72.79369"><ele>984.3</ele><extensions><x:speed>6.75</x:speed></extensions><time>2015-10-29T08:16:40.000Z</time></trkpt><trkpt lat="40.53313" lon="72.79371"><ele>984.5</ele><extensions><x:speed>6.75</x:speed></extensions><time>2015-10-29T08:16:41.000Z</time></trkpt><trkpt lat="40.533077" lon="72.793724"><ele>985.0</ele><extensions><x:speed>6.5</x:speed></extensions><time>2015-10-29T08:16:42.000Z</time></trkpt><trkpt lat="40.532867" lon="72.7938"><ele>985.6</ele><extensions><x:speed>5.5</x:speed></extensions><time>2015-10-29T08:16:46.000Z</time></trkpt><trkpt lat="40.532764" lon="72.793816"><ele>983.8</ele><extensions><x:speed>3.0</x:speed></extensions><time>2015-10-29T08:16:49.000Z</time></trkpt><trkpt lat="40.532734" lon="72.79382"><ele>985.2</ele><extensions><x:speed>0.0</x:speed></extensions><time>2015-10-29T08:16:54.000Z</time></trkpt><trkpt lat="40.53269" lon="72.79384"><ele>988.2</ele><extensions><x:speed>2.0</x:speed></extensions><time>2015-10-29T08:17:05.000Z</time></trkpt><trkpt lat="40.532654" lon="72.79386"><ele>988.2</ele><extensions><x:speed>2.5</x:speed></extensions><time>2015-10-29T08:17:07.000Z</time></trkpt><trkpt lat="40.532604" lon="72.79388"><ele>989.6</ele><extensions><x:speed>2.75</x:speed></extensions><time>2015-10-29T08:17:09.000Z</time></trkpt><trkpt lat="40.532562" lon="72.79388"><ele>988.7</ele><extensions><x:speed>2.5</x:speed></extensions><time>2015-10-29T08:17:11.000Z</time></trkpt><trkpt lat="40.532516" lon="72.793884"><ele>988.7</ele><extensions><x:speed>2.5</x:speed></extensions><time>2015-10-29T08:17:28.000Z</time></trkpt><trkpt lat="40.532413" lon="72.79393"><ele>986.6</ele><extensions><x:speed>3.75</x:speed></extensions><time>2015-10-29T08:17:31.000Z</time></trkpt><trkpt lat="40.532375" lon="72.79395"><ele>984.7</ele><extensions><x:speed>4.0</x:speed></extensions><time>2015-10-29T08:17:32.000Z</time></trkpt><trkpt lat="40.532337" lon="72.79397"><ele>984.2</ele><extensions><x:speed>4.25</x:speed></extensions><time>2015-10-29T08:17:33.000Z</time></trkpt><trkpt lat="40.532196" lon="72.79402"><ele>985.2</ele><extensions><x:speed>7.0</x:speed></extensions><time>2015-10-29T08:17:35.000Z</time></trkpt><trkpt lat="40.532127" lon="72.794044"><ele>985.4</ele><extensions><x:speed>7.75</x:speed></extensions><time>2015-10-29T08:17:36.000Z</time></trkpt><trkpt lat="40.53205" lon="72.79407"><ele>985.2</ele><extensions><x:speed>8.5</x:speed></extensions><time>2015-10-29T08:17:37.000Z</time></trkpt><trkpt lat="40.531975" lon="72.7941"><ele>985.8</ele><extensions><x:speed>8.5</x:speed></extensions><time>2015-10-29T08:17:38.000Z</time></trkpt><trkpt lat="40.531895" lon="72.79412"><ele>985.6</ele><extensions><x:speed>8.75</x:speed></extensions><time>2015-10-29T08:17:39.000Z</time></trkpt><trkpt lat="40.531815" lon="72.79414"><ele>985.5</ele><extensions><x:speed>8.5</x:speed></extensions><time>2015-10-29T08:17:40.000Z</time></trkpt><trkpt lat="40.531746" lon="72.79416"><ele>986.0</ele><extensions><x:speed>8.5</x:speed></extensions><time>2015-10-29T08:17:41.000Z</time></trkpt><trkpt lat="40.531673" lon="72.79418"><ele>986.4</ele><extensions><x:speed>8.25</x:speed></extensions><time>2015-10-29T08:17:42.000Z</time></trkpt><trkpt lat="40.531597" lon="72.7942"><ele>986.6</ele><extensions><x:speed>7.75</x:speed></extensions><time>2015-10-29T08:17:43.000Z</time></trkpt><trkpt lat="40.531437" lon="72.79425"><ele>987.1</ele><extensions><x:speed>5.5</x:speed></extensions><time>2015-10-29T08:17:46.000Z</time></trkpt><trkpt lat="40.53132" lon="72.79428"><ele>986.8</ele><extensions><x:speed>3.5</x:speed></extensions><time>2015-10-29T08:17:49.000Z</time></trkpt><trkpt lat="40.531254" lon="72.79429"><ele>987.1</ele><extensions><x:speed>2.0</x:speed></extensions><time>2015-10-29T08:17:52.000Z</time></trkpt><trkpt lat="40.531223" lon="72.79432"><ele>989.2</ele><extensions><x:speed>0.0</x:speed></extensions><time>2015-10-29T08:17:57.000Z</time></trkpt><trkpt lat="40.53118" lon="72.794334"><ele>989.6</ele><extensions><x:speed>1.5</x:speed></extensions><time>2015-10-29T08:18:02.000Z</time></trkpt><trkpt lat="40.531136" lon="72.79436"><ele>987.6</ele><extensions><x:speed>1.75</x:speed></extensions><time>2015-10-29T08:18:05.000Z</time></trkpt><trkpt lat="40.531075" lon="72.79438"><ele>987.0</ele><extensions><x:speed>2.0</x:speed></extensions><time>2015-10-29T08:18:08.000Z</time></trkpt><trkpt lat="40.530987" lon="72.7944"><ele>985.2</ele><extensions><x:speed>2.5</x:speed></extensions><time>2015-10-29T08:18:11.000Z</time></trkpt><trkpt lat="40.530956" lon="72.7944"><ele>985.2</ele><extensions><x:speed>1.5</x:speed></extensions><time>2015-10-29T08:18:17.000Z</time></trkpt><trkpt lat="40.53092" lon="72.79442"><ele>985.3</ele><extensions><x:speed>3.75</x:speed></extensions><time>2015-10-29T08:18:18.000Z</time></trkpt><trkpt lat="40.530876" lon="72.794426"><ele>984.8</ele><extensions><x:speed>3.75</x:speed></extensions><time>2015-10-29T08:18:19.000Z</time></trkpt><trkpt lat="40.530838" lon="72.79443"><ele>984.3</ele><extensions><x:speed>3.75</x:speed></extensions><time>2015-10-29T08:18:20.000Z</time></trkpt><trkpt lat="40.530804" lon="72.79445"><ele>984.9</ele><extensions><x:speed>3.75</x:speed></extensions><time>2015-10-29T08:18:21.000Z</time></trkpt><trkpt lat="40.530766" lon="72.79446"><ele>985.7</ele><extensions><x:speed>3.75</x:speed></extensions><time>2015-10-29T08:18:22.000Z</time></trkpt><trkpt lat="40.53073" lon="72.794464"><ele>987.2</ele><extensions><x:speed>3.75</x:speed></extensions><time>2015-10-29T08:18:23.000Z</time></trkpt><trkpt lat="40.530674" lon="72.79448"><ele>986.3</ele><extensions><x:speed>2.75</x:speed></extensions><time>2015-10-29T08:18:25.000Z</time></trkpt><trkpt lat="40.53064" lon="72.794495"><ele>988.0</ele><extensions><x:speed>2.0</x:speed></extensions><time>2015-10-29T08:18:27.000Z</time></trkpt><trkpt lat="40.530613" lon="72.7945"><ele>988.9</ele><extensions><x:speed>1.75</x:speed></extensions><time>2015-10-29T08:18:29.000Z</time></trkpt><trkpt lat="40.53057" lon="72.79451"><ele>988.6</ele><extensions><x:speed>1.75</x:speed></extensions><time>2015-10-29T08:18:32.000Z</time></trkpt><trkpt lat="40.530533" lon="72.79451"><ele>988.7</ele><extensions><x:speed>2.25</x:speed></extensions><time>2015-10-29T08:18:34.000Z</time></trkpt><trkpt lat="40.530487" lon="72.79452"><ele>988.7</ele><extensions><x:speed>2.5</x:speed></extensions><time>2015-10-29T08:18:36.000Z</time></trkpt><trkpt lat="40.53046" lon="72.794525"><ele>989.6</ele><extensions><x:speed>2.75</x:speed></extensions><time>2015-10-29T08:18:37.000Z</time></trkpt><trkpt lat="40.53039" lon="72.79455"><ele>990.1</ele><extensions><x:speed>3.5</x:speed></extensions><time>2015-10-29T08:18:39.000Z</time></trkpt><trkpt lat="40.530327" lon="72.79457"><ele>989.7</ele><extensions><x:speed>3.5</x:speed></extensions><time>2015-10-29T08:18:41.000Z</time></trkpt><trkpt lat="40.530296" lon="72.79458"><ele>989.5</ele><extensions><x:speed>3.5</x:speed></extensions><time>2015-10-29T08:18:42.000Z</time></trkpt><trkpt lat="40.530235" lon="72.79459"><ele>990.7</ele><extensions><x:speed>3.25</x:speed></extensions><time>2015-10-29T08:18:44.000Z</time></trkpt><trkpt lat="40.530247" lon="72.79461"><ele>994.2</ele><extensions><x:speed>0.0</x:speed></extensions><time>2015-10-29T08:18:49.000Z</time></trkpt><trkpt lat="40.53022" lon="72.79462"><ele>993.3</ele><extensions><x:speed>0.5</x:speed></extensions><time>2015-10-29T08:18:54.000Z</time></trkpt><trkpt lat="40.530228" lon="72.794586"><ele>996.3</ele><extensions><x:speed>0.0</x:speed></extensions><time>2015-10-29T08:19:05.000Z</time></trkpt><trkpt lat="40.53019" lon="72.794586"><ele>995.3</ele><extensions><x:speed>1.5</x:speed></extensions><time>2015-10-29T08:19:11.000Z</time></trkpt><trkpt lat="40.530117" lon="72.79461"><ele>993.5</ele><extensions><x:speed>2.75</x:speed></extensions><time>2015-10-29T08:19:14.000Z</time></trkpt><trkpt lat="40.530064" lon="72.794624"><ele>993.4</ele><extensions><x:speed>2.75</x:speed></extensions><time>2015-10-29T08:19:16.000Z</time></trkpt><trkpt lat="40.530033" lon="72.79463"><ele>993.4</ele><extensions><x:speed>3.0</x:speed></extensions><time>2015-10-29T08:19:17.000Z</time></trkpt><trkpt lat="40.530003" lon="72.79464"><ele>992.8</ele><extensions><x:speed>3.25</x:speed></extensions><time>2015-10-29T08:19:18.000Z</time></trkpt><trkpt lat="40.52996" lon="72.794655"><ele>991.6</ele><extensions><x:speed>4.25</x:speed></extensions><time>2015-10-29T08:19:19.000Z</time></trkpt><trkpt lat="40.529922" lon="72.79466"><ele>990.8</ele><extensions><x:speed>4.25</x:speed></extensions><time>2015-10-29T08:19:20.000Z</time></trkpt><trkpt lat="40.52989" lon="72.79467"><ele>990.6</ele><extensions><x:speed>4.0</x:speed></extensions><time>2015-10-29T08:19:21.000Z</time></trkpt><trkpt lat="40.529858" lon="72.79468"><ele>990.9</ele><extensions><x:speed>3.5</x:speed></extensions><time>2015-10-29T08:19:22.000Z</time></trkpt><trkpt lat="40.529827" lon="72.794685"><ele>990.1</ele><extensions><x:speed>1.5</x:speed></extensions><time>2015-10-29T08:19:24.000Z</time></trkpt><trkpt lat="40.529797" lon="72.79469"><ele>989.7</ele><extensions><x:speed>1.25</x:speed></extensions><time>2015-10-29T08:19:27.000Z</time></trkpt><trkpt lat="40.529682" lon="72.79471"><ele>989.6</ele><extensions><x:speed>3.5</x:speed></extensions><time>2015-10-29T08:19:49.000Z</time></trkpt><trkpt lat="40.52956" lon="72.79474"><ele>989.3</ele><extensions><x:speed>4.5</x:speed></extensions><time>2015-10-29T08:19:52.000Z</time></trkpt><trkpt lat="40.529438" lon="72.79477"><ele>989.4</ele><extensions><x:speed>4.25</x:speed></extensions><time>2015-10-29T08:19:55.000Z</time></trkpt><trkpt lat="40.529408" lon="72.79478"><ele>989.0</ele><extensions><x:speed>3.25</x:speed></extensions><time>2015-10-29T08:19:56.000Z</time></trkpt><trkpt lat="40.529377" lon="72.794785"><ele>988.9</ele><extensions><x:speed>1.75</x:speed></extensions><time>2015-10-29T08:19:58.000Z</time></trkpt><trkpt lat="40.52934" lon="72.794815"><ele>989.9</ele><extensions><x:speed>2.25</x:speed></extensions><time>2015-10-29T08:20:29.000Z</time></trkpt><trkpt lat="40.52924" lon="72.79484"><ele>992.5</ele><extensions><x:speed>3.5</x:speed></extensions><time>2015-10-29T08:20:32.000Z</time></trkpt><trkpt lat="40.529175" lon="72.79485"><ele>995.1</ele><extensions><x:speed>3.5</x:speed></extensions><time>2015-10-29T08:20:34.000Z</time></trkpt><trkpt lat="40.52911" lon="72.79487"><ele>995.8</ele><extensions><x:speed>3.25</x:speed></extensions><time>2015-10-29T08:20:36.000Z</time></trkpt><trkpt lat="40.529057" lon="72.79486"><ele>998.0</ele><extensions><x:speed>3.0</x:speed></extensions><time>2015-10-29T08:20:38.000Z</time></trkpt><trkpt lat="40.528976" lon="72.79479"><ele>998.4</ele><extensions><x:speed>3.5</x:speed></extensions><time>2015-10-29T08:20:41.000Z</time></trkpt><trkpt lat="40.52895" lon="72.79473"><ele>997.4</ele><extensions><x:speed>5.0</x:speed></extensions><time>2015-10-29T08:20:42.000Z</time></trkpt><trkpt lat="40.528934" lon="72.7946"><ele>996.9</ele><extensions><x:speed>5.5</x:speed></extensions><time>2015-10-29T08:20:43.000Z</time></trkpt><trkpt lat="40.528927" lon="72.794525"><ele>996.0</ele><extensions><x:speed>6.0</x:speed></extensions><time>2015-10-29T08:20:44.000Z</time></trkpt><trkpt lat="40.528904" lon="72.79445"><ele>995.0</ele><extensions><x:speed>6.25</x:speed></extensions><time>2015-10-29T08:20:45.000Z</time></trkpt><trkpt lat="40.528893" lon="72.79435"><ele>994.0</ele><extensions><x:speed>7.0</x:speed></extensions><time>2015-10-29T08:20:46.000Z</time></trkpt><trkpt lat="40.528866" lon="72.79426"><ele>993.8</ele><extensions><x:speed>7.5</x:speed></extensions><time>2015-10-29T08:20:47.000Z</time></trkpt><trkpt lat="40.528843" lon="72.79416"><ele>994.5</ele><extensions><x:speed>8.25</x:speed></extensions><time>2015-10-29T08:20:48.000Z</time></trkpt><trkpt lat="40.528816" lon="72.79406"><ele>994.5</ele><extensions><x:speed>8.75</x:speed></extensions><time>2015-10-29T08:20:49.000Z</time></trkpt><trkpt lat="40.52877" lon="72.79384"><ele>995.3</ele><extensions><x:speed>9.5</x:speed></extensions><time>2015-10-29T08:20:51.000Z</time></trkpt><trkpt lat="40.52871" lon="72.7935"><ele>994.3</ele><extensions><x:speed>9.25</x:speed></extensions><time>2015-10-29T08:20:54.000Z</time></trkpt><trkpt lat="40.528656" lon="72.79321"><ele>993.8</ele><extensions><x:speed>7.5</x:speed></extensions><time>2015-10-29T08:20:57.000Z</time></trkpt><trkpt lat="40.528633" lon="72.79307"><ele>993.0</ele><extensions><x:speed>5.25</x:speed></extensions><time>2015-10-29T08:20:59.000Z</time></trkpt><trkpt lat="40.528645" lon="72.793015"><ele>993.3</ele><extensions><x:speed>4.75</x:speed></extensions><time>2015-10-29T08:21:00.000Z</time></trkpt><trkpt lat="40.528656" lon="72.79298"><ele>992.9</ele><extensions><x:speed>3.5</x:speed></extensions><time>2015-10-29T08:21:01.000Z</time></trkpt><trkpt lat="40.528667" lon="72.792946"><ele>992.2</ele><extensions><x:speed>1.0</x:speed></extensions><time>2015-10-29T08:21:03.000Z</time></trkpt><trkpt lat="40.528667" lon="72.79289"><ele>993.3</ele><extensions><x:speed>0.75</x:speed></extensions><time>2015-10-29T08:21:46.000Z</time></trkpt><trkpt lat="40.52866" lon="72.79281"><ele>994.2</ele><extensions><x:speed>1.75</x:speed></extensions><time>2015-10-29T08:21:50.000Z</time></trkpt><trkpt lat="40.528645" lon="72.79273"><ele>992.2</ele><extensions><x:speed>1.5</x:speed></extensions><time>2015-10-29T08:22:09.000Z</time></trkpt><trkpt lat="40.52861" lon="72.79268"><ele>991.7</ele><extensions><x:speed>2.25</x:speed></extensions><time>2015-10-29T08:22:11.000Z</time></trkpt><trkpt lat="40.528572" lon="72.792625"><ele>993.1</ele><extensions><x:speed>2.75</x:speed></extensions><time>2015-10-29T08:22:13.000Z</time></trkpt><trkpt lat="40.5285" lon="72.792435"><ele>991.3</ele><extensions><x:speed>5.0</x:speed></extensions><time>2015-10-29T08:22:16.000Z</time></trkpt><trkpt lat="40.52848" lon="72.79233"><ele>991.6</ele><extensions><x:speed>5.0</x:speed></extensions><time>2015-10-29T08:22:18.000Z</time></trkpt><trkpt lat="40.52846" lon="72.79223"><ele>990.4</ele><extensions><x:speed>7.0</x:speed></extensions><time>2015-10-29T08:22:19.000Z</time></trkpt><trkpt lat="40.52845" lon="72.79213"><ele>988.9</ele><extensions><x:speed>7.5</x:speed></extensions><time>2015-10-29T08:22:20.000Z</time></trkpt><trkpt lat="40.52843" lon="72.792046"><ele>988.9</ele><extensions><x:speed>7.75</x:speed></extensions><time>2015-10-29T08:22:21.000Z</time></trkpt><trkpt lat="40.528404" lon="72.791954"><ele>990.1</ele><extensions><x:speed>8.5</x:speed></extensions><time>2015-10-29T08:22:22.000Z</time></trkpt><trkpt lat="40.52838" lon="72.791855"><ele>989.0</ele><extensions><x:speed>8.75</x:speed></extensions><time>2015-10-29T08:22:23.000Z</time></trkpt><trkpt lat="40.52835" lon="72.79176"><ele>986.9</ele><extensions><x:speed>8.75</x:speed></extensions><time>2015-10-29T08:22:24.000Z</time></trkpt><trkpt lat="40.528328" lon="72.791664"><ele>987.5</ele><extensions><x:speed>9.0</x:speed></extensions><time>2015-10-29T08:22:25.000Z</time></trkpt><trkpt lat="40.528324" lon="72.79155"><ele>987.1</ele><extensions><x:speed>9.25</x:speed></extensions><time>2015-10-29T08:22:26.000Z</time></trkpt><trkpt lat="40.52832" lon="72.79142"><ele>987.2</ele><extensions><x:speed>10.75</x:speed></extensions><time>2015-10-29T08:22:27.000Z</time></trkpt><trkpt lat="40.528305" lon="72.79128"><ele>986.9</ele><extensions><x:speed>11.25</x:speed></extensions><time>2015-10-29T08:22:28.000Z</time></trkpt><trkpt lat="40.528294" lon="72.79115"><ele>987.6</ele><extensions><x:speed>11.0</x:speed></extensions><time>2015-10-29T08:22:29.000Z</time></trkpt><trkpt lat="40.52827" lon="72.791016"><ele>987.2</ele><extensions><x:speed>11.25</x:speed></extensions><time>2015-10-29T08:22:30.000Z</time></trkpt><trkpt lat="40.528225" lon="72.790886"><ele>984.9</ele><extensions><x:speed>11.75</x:speed></extensions><time>2015-10-29T08:22:31.000Z</time></trkpt><trkpt lat="40.528187" lon="72.79075"><ele>985.2</ele><extensions><x:speed>11.75</x:speed></extensions><time>2015-10-29T08:22:32.000Z</time></trkpt><trkpt lat="40.52815" lon="72.79045"><ele>984.7</ele><extensions><x:speed>12.25</x:speed></extensions><time>2015-10-29T08:22:34.000Z</time></trkpt><trkpt lat="40.528114" lon="72.79013"><ele>987.4</ele><extensions><x:speed>12.75</x:speed></extensions><time>2015-10-29T08:22:36.000Z</time></trkpt><trkpt lat="40.528088" lon="72.79001"><ele>989.4</ele><extensions><x:speed>12.25</x:speed></extensions><time>2015-10-29T08:22:37.000Z</time></trkpt><trkpt lat="40.528046" lon="72.78985"><ele>990.6</ele><extensions><x:speed>12.75</x:speed></extensions><time>2015-10-29T08:22:38.000Z</time></trkpt><trkpt lat="40.528004" lon="72.78969"><ele>996.0</ele><extensions><x:speed>12.75</x:speed></extensions><time>2015-10-29T08:22:39.000Z</time></trkpt><trkpt lat="40.527973" lon="72.789536"><ele>997.1</ele><extensions><x:speed>13.0</x:speed></extensions><time>2015-10-29T08:22:40.000Z</time></trkpt><trkpt lat="40.527905" lon="72.78924"><ele>994.6</ele><extensions><x:speed>13.25</x:speed></extensions><time>2015-10-29T08:22:42.000Z</time></trkpt><trkpt lat="40.527855" lon="72.78907"><ele>998.2</ele><extensions><x:speed>13.5</x:speed></extensions><time>2015-10-29T08:22:43.000Z</time></trkpt><trkpt lat="40.527817" lon="72.78892"><ele>1000.3</ele><extensions><x:speed>13.75</x:speed></extensions><time>2015-10-29T08:22:44.000Z</time></trkpt><trkpt lat="40.527775" lon="72.78877"><ele>1002.0</ele><extensions><x:speed>13.5</x:speed></extensions><time>2015-10-29T08:22:45.000Z</time></trkpt><trkpt lat="40.52771" lon="72.78852"><ele>1006.2</ele><extensions><x:speed>10.75</x:speed></extensions><time>2015-10-29T08:22:47.000Z</time></trkpt><trkpt lat="40.527683" lon="72.7884"><ele>1007.2</ele><extensions><x:speed>11.0</x:speed></extensions><time>2015-10-29T08:22:48.000Z</time></trkpt><trkpt lat="40.527657" lon="72.78827"><ele>1007.4</ele><extensions><x:speed>11.25</x:speed></extensions><time>2015-10-29T08:22:49.000Z</time></trkpt><trkpt lat="40.52763" lon="72.78815"><ele>1007.8</ele><extensions><x:speed>11.25</x:speed></extensions><time>2015-10-29T08:22:50.000Z</time></trkpt><trkpt lat="40.527596" lon="72.788025"><ele>1008.3</ele><extensions><x:speed>10.75</x:speed></extensions><time>2015-10-29T08:22:51.000Z</time></trkpt><trkpt lat="40.52754" lon="72.78785"><ele>1009.1</ele><extensions><x:speed>7.75</x:speed></extensions><time>2015-10-29T08:22:53.000Z</time></trkpt><trkpt lat="40.527462" lon="72.78776"><ele>1007.9</ele><extensions><x:speed>6.0</x:speed></extensions><time>2015-10-29T08:22:55.000Z</time></trkpt><trkpt lat="40.52742" lon="72.78776"><ele>1009.2</ele><extensions><x:speed>6.0</x:speed></extensions><time>2015-10-29T08:22:56.000Z</time></trkpt><trkpt lat="40.527367" lon="72.78776"><ele>1009.5</ele><extensions><x:speed>6.5</x:speed></extensions><time>2015-10-29T08:22:57.000Z</time></trkpt><trkpt lat="40.527164" lon="72.78784"><ele>1008.5</ele><extensions><x:speed>8.5</x:speed></extensions><time>2015-10-29T08:23:00.000Z</time></trkpt><trkpt lat="40.526894" lon="72.78792"><ele>1009.0</ele><extensions><x:speed>10.25</x:speed></extensions><time>2015-10-29T08:23:03.000Z</time></trkpt><trkpt lat="40.526802" lon="72.78793"><ele>1008.8</ele><extensions><x:speed>10.75</x:speed></extensions><time>2015-10-29T08:23:04.000Z</time></trkpt><trkpt lat="40.526707" lon="72.78795"><ele>1008.9</ele><extensions><x:speed>11.0</x:speed></extensions><time>2015-10-29T08:23:05.000Z</time></trkpt><trkpt lat="40.526604" lon="72.787964"><ele>1008.9</ele><extensions><x:speed>11.25</x:speed></extensions><time>2015-10-29T08:23:06.000Z</time></trkpt><trkpt lat="40.5265" lon="72.78799"><ele>1008.5</ele><extensions><x:speed>11.0</x:speed></extensions><time>2015-10-29T08:23:07.000Z</time></trkpt><trkpt lat="40.526405" lon="72.788"><ele>1008.3</ele><extensions><x:speed>10.5</x:speed></extensions><time>2015-10-29T08:23:08.000Z</time></trkpt><trkpt lat="40.52632" lon="72.788025"><ele>1009.0</ele><extensions><x:speed>10.0</x:speed></extensions><time>2015-10-29T08:23:09.000Z</time></trkpt><trkpt lat="40.526237" lon="72.788055"><ele>1008.5</ele><extensions><x:speed>9.5</x:speed></extensions><time>2015-10-29T08:23:10.000Z</time></trkpt><trkpt lat="40.52616" lon="72.78807"><ele>1008.0</ele><extensions><x:speed>9.25</x:speed></extensions><time>2015-10-29T08:23:11.000Z</time></trkpt><trkpt lat="40.526085" lon="72.788086"><ele>1007.9</ele><extensions><x:speed>9.75</x:speed></extensions><time>2015-10-29T08:23:12.000Z</time></trkpt><trkpt lat="40.5258" lon="72.78813"><ele>1007.8</ele><extensions><x:speed>10.25</x:speed></extensions><time>2015-10-29T08:23:15.000Z</time></trkpt><trkpt lat="40.52571" lon="72.78815"><ele>1008.7</ele><extensions><x:speed>10.0</x:speed></extensions><time>2015-10-29T08:23:16.000Z</time></trkpt><trkpt lat="40.525562" lon="72.78818"><ele>1009.0</ele><extensions><x:speed>7.75</x:speed></extensions><time>2015-10-29T08:23:18.000Z</time></trkpt><trkpt lat="40.525436" lon="72.78821"><ele>1006.7</ele><extensions><x:speed>3.5</x:speed></extensions><time>2015-10-29T08:23:21.000Z</time></trkpt><trkpt lat="40.52539" lon="72.78823"><ele>1008.2</ele><extensions><x:speed>2.0</x:speed></extensions><time>2015-10-29T08:23:28.000Z</time></trkpt><trkpt lat="40.525322" lon="72.78824"><ele>1008.6</ele><extensions><x:speed>4.25</x:speed></extensions><time>2015-10-29T08:23:30.000Z</time></trkpt><trkpt lat="40.52528" lon="72.788246"><ele>1009.0</ele><extensions><x:speed>4.75</x:speed></extensions><time>2015-10-29T08:23:31.000Z</time></trkpt><trkpt lat="40.525238" lon="72.78825"><ele>1009.1</ele><extensions><x:speed>4.75</x:speed></extensions><time>2015-10-29T08:23:32.000Z</time></trkpt><trkpt lat="40.524975" lon="72.78828"><ele>1007.8</ele><extensions><x:speed>8.75</x:speed></extensions><time>2015-10-29T08:23:36.000Z</time></trkpt><trkpt lat="40.5249" lon="72.78829"><ele>1007.2</ele><extensions><x:speed>9.25</x:speed></extensions><time>2015-10-29T08:23:37.000Z</time></trkpt><trkpt lat="40.52474" lon="72.78831"><ele>1006.2</ele><extensions><x:speed>8.5</x:speed></extensions><time>2015-10-29T08:23:39.000Z</time></trkpt><trkpt lat="40.52469" lon="72.78831"><ele>1005.9</ele><extensions><x:speed>6.5</x:speed></extensions><time>2015-10-29T08:23:40.000Z</time></trkpt><trkpt lat="40.524593" lon="72.78833"><ele>1007.4</ele><extensions><x:speed>2.25</x:speed></extensions><time>2015-10-29T08:23:43.000Z</time></trkpt><trkpt lat="40.52459" lon="72.78838"><ele>1009.5</ele><extensions><x:speed>0.0</x:speed></extensions><time>2015-10-29T08:23:47.000Z</time></trkpt><trkpt lat="40.524555" lon="72.78838"><ele>1008.1</ele><extensions><x:speed>3.0</x:speed></extensions><time>2015-10-29T08:23:52.000Z</time></trkpt><trkpt lat="40.524517" lon="72.7884"><ele>1008.4</ele><extensions><x:speed>4.25</x:speed></extensions><time>2015-10-29T08:23:53.000Z</time></trkpt><trkpt lat="40.52448" lon="72.78841"><ele>1008.5</ele><extensions><x:speed>4.5</x:speed></extensions><time>2015-10-29T08:23:54.000Z</time></trkpt><trkpt lat="40.524384" lon="72.78843"><ele>1007.6</ele><extensions><x:speed>6.0</x:speed></extensions><time>2015-10-29T08:23:56.000Z</time></trkpt><trkpt lat="40.524323" lon="72.78843"><ele>1007.4</ele><extensions><x:speed>6.75</x:speed></extensions><time>2015-10-29T08:23:57.000Z</time></trkpt><trkpt lat="40.524246" lon="72.788445"><ele>1008.0</ele><extensions><x:speed>7.75</x:speed></extensions><time>2015-10-29T08:23:58.000Z</time></trkpt><trkpt lat="40.52403" lon="72.788475"><ele>1008.2</ele><extensions><x:speed>7.25</x:speed></extensions><time>2015-10-29T08:24:01.000Z</time></trkpt><trkpt lat="40.523823" lon="72.78852"><ele>1009.8</ele><extensions><x:speed>7.5</x:speed></extensions><time>2015-10-29T08:24:04.000Z</time></trkpt><trkpt lat="40.523754" lon="72.78853"><ele>1008.9</ele><extensions><x:speed>8.5</x:speed></extensions><time>2015-10-29T08:24:05.000Z</time></trkpt><trkpt lat="40.523666" lon="72.78854"><ele>1008.8</ele><extensions><x:speed>9.25</x:speed></extensions><time>2015-10-29T08:24:06.000Z</time></trkpt><trkpt lat="40.52358" lon="72.78857"><ele>1009.5</ele><extensions><x:speed>9.25</x:speed></extensions><time>2015-10-29T08:24:07.000Z</time></trkpt><trkpt lat="40.523495" lon="72.78858"><ele>1009.7</ele><extensions><x:speed>9.5</x:speed></extensions><time>2015-10-29T08:24:08.000Z</time></trkpt><trkpt lat="40.523415" lon="72.7886"><ele>1010.1</ele><extensions><x:speed>9.25</x:speed></extensions><time>2015-10-29T08:24:09.000Z</time></trkpt><trkpt lat="40.52333" lon="72.788605"><ele>1010.2</ele><extensions><x:speed>9.75</x:speed></extensions><time>2015-10-29T08:24:10.000Z</time></trkpt><trkpt lat="40.523235" lon="72.78861"><ele>1010.4</ele><extensions><x:speed>9.75</x:speed></extensions><time>2015-10-29T08:24:11.000Z</time></trkpt><trkpt lat="40.52315" lon="72.78863"><ele>1010.0</ele><extensions><x:speed>9.25</x:speed></extensions><time>2015-10-29T08:24:12.000Z</time></trkpt><trkpt lat="40.522892" lon="72.78865"><ele>1009.8</ele><extensions><x:speed>6.0</x:speed></extensions><time>2015-10-29T08:24:16.000Z</time></trkpt><trkpt lat="40.522842" lon="72.78866"><ele>1009.7</ele><extensions><x:speed>5.25</x:speed></extensions><time>2015-10-29T08:24:17.000Z</time></trkpt><trkpt lat="40.522755" lon="72.78868"><ele>1012.6</ele><extensions><x:speed>1.5</x:speed></extensions><time>2015-10-29T08:24:21.000Z</time></trkpt><trkpt lat="40.522717" lon="72.788704"><ele>1014.0</ele><extensions><x:speed>1.75</x:speed></extensions><time>2015-10-29T08:24:34.000Z</time></trkpt><trkpt lat="40.522667" lon="72.78872"><ele>1015.1</ele><extensions><x:speed>2.75</x:speed></extensions><time>2015-10-29T08:24:36.000Z</time></trkpt><trkpt lat="40.522636" lon="72.78873"><ele>1015.2</ele><extensions><x:speed>3.0</x:speed></extensions><time>2015-10-29T08:24:37.000Z</time></trkpt><trkpt lat="40.522556" lon="72.78874"><ele>1016.1</ele><extensions><x:speed>4.25</x:speed></extensions><time>2015-10-29T08:24:39.000Z</time></trkpt><trkpt lat="40.52239" lon="72.78875"><ele>1017.0</ele><extensions><x:speed>6.25</x:speed></extensions><time>2015-10-29T08:24:42.000Z</time></trkpt><trkpt lat="40.522316" lon="72.788765"><ele>1015.6</ele><extensions><x:speed>7.25</x:speed></extensions><time>2015-10-29T08:24:43.000Z</time></trkpt><trkpt lat="40.52224" lon="72.788765"><ele>1015.2</ele><extensions><x:speed>8.0</x:speed></extensions><time>2015-10-29T08:24:44.000Z</time></trkpt><trkpt lat="40.522163" lon="72.78878"><ele>1014.3</ele><extensions><x:speed>9.0</x:speed></extensions><time>2015-10-29T08:24:45.000Z</time></trkpt><trkpt lat="40.52208" lon="72.78878"><ele>1014.2</ele><extensions><x:speed>9.25</x:speed></extensions><time>2015-10-29T08:24:46.000Z</time></trkpt><trkpt lat="40.52199" lon="72.7888"><ele>1014.7</ele><extensions><x:speed>9.25</x:speed></extensions><time>2015-10-29T08:24:47.000Z</time></trkpt><trkpt lat="40.521816" lon="72.788826"><ele>1015.0</ele><extensions><x:speed>9.5</x:speed></extensions><time>2015-10-29T08:24:49.000Z</time></trkpt><trkpt lat="40.52174" lon="72.78884"><ele>1016.3</ele><extensions><x:speed>9.75</x:speed></extensions><time>2015-10-29T08:24:50.000Z</time></trkpt><trkpt lat="40.521656" lon="72.78887"><ele>1015.3</ele><extensions><x:speed>10.25</x:speed></extensions><time>2015-10-29T08:24:51.000Z</time></trkpt><trkpt lat="40.521557" lon="72.78888"><ele>1016.7</ele><extensions><x:speed>10.0</x:speed></extensions><time>2015-10-29T08:24:52.000Z</time></trkpt><trkpt lat="40.521484" lon="72.7889"><ele>1014.0</ele><extensions><x:speed>9.25</x:speed></extensions><time>2015-10-29T08:24:53.000Z</time></trkpt><trkpt lat="40.52128" lon="72.7889"><ele>1012.1</ele><extensions><x:speed>7.5</x:speed></extensions><time>2015-10-29T08:24:56.000Z</time></trkpt><trkpt lat="40.521214" lon="72.78892"><ele>1013.1</ele><extensions><x:speed>7.5</x:speed></extensions><time>2015-10-29T08:24:57.000Z</time></trkpt><trkpt lat="40.521145" lon="72.788925"><ele>1013.7</ele><extensions><x:speed>7.5</x:speed></extensions><time>2015-10-29T08:24:58.000Z</time></trkpt><trkpt lat="40.520924" lon="72.78895"><ele>1012.1</ele><extensions><x:speed>8.0</x:speed></extensions><time>2015-10-29T08:25:01.000Z</time></trkpt><trkpt lat="40.520702" lon="72.78899"><ele>1014.2</ele><extensions><x:speed>7.75</x:speed></extensions><time>2015-10-29T08:25:04.000Z</time></trkpt><trkpt lat="40.52066" lon="72.78899"><ele>1011.8</ele><extensions><x:speed>7.5</x:speed></extensions><time>2015-10-29T08:25:05.000Z</time></trkpt><trkpt lat="40.520596" lon="72.78899"><ele>1011.8</ele><extensions><x:speed>7.25</x:speed></extensions><time>2015-10-29T08:25:06.000Z</time></trkpt><trkpt lat="40.52054" lon="72.78899"><ele>1009.5</ele><extensions><x:speed>7.0</x:speed></extensions><time>2015-10-29T08:25:07.000Z</time></trkpt><trkpt lat="40.520485" lon="72.788994"><ele>1010.1</ele><extensions><x:speed>5.5</x:speed></extensions><time>2015-10-29T08:25:08.000Z</time></trkpt><trkpt lat="40.520424" lon="72.78902"><ele>1011.7</ele><extensions><x:speed>3.25</x:speed></extensions><time>2015-10-29T08:25:10.000Z</time></trkpt><trkpt lat="40.520393" lon="72.78901"><ele>1013.0</ele><extensions><x:speed>0.5</x:speed></extensions><time>2015-10-29T08:25:25.000Z</time></trkpt><trkpt lat="40.520355" lon="72.78902"><ele>1012.3</ele><extensions><x:speed>2.5</x:speed></extensions><time>2015-10-29T08:25:27.000Z</time></trkpt><trkpt lat="40.520325" lon="72.78902"><ele>1012.0</ele><extensions><x:speed>3.25</x:speed></extensions><time>2015-10-29T08:25:28.000Z</time></trkpt><trkpt lat="40.520287" lon="72.789024"><ele>1012.6</ele><extensions><x:speed>3.75</x:speed></extensions><time>2015-10-29T08:25:29.000Z</time></trkpt><trkpt lat="40.52025" lon="72.78903"><ele>1013.1</ele><extensions><x:speed>4.25</x:speed></extensions><time>2015-10-29T08:25:30.000Z</time></trkpt><trkpt lat="40.520164" lon="72.78904"><ele>1012.8</ele><extensions><x:speed>4.5</x:speed></extensions><time>2015-10-29T08:25:32.000Z</time></trkpt><trkpt lat="40.520126" lon="72.78905"><ele>1012.2</ele><extensions><x:speed>4.5</x:speed></extensions><time>2015-10-29T08:25:33.000Z</time></trkpt><trkpt lat="40.52008" lon="72.789055"><ele>1012.4</ele><extensions><x:speed>4.5</x:speed></extensions><time>2015-10-29T08:25:34.000Z</time></trkpt><trkpt lat="40.519924" lon="72.789055"><ele>1013.2</ele><extensions><x:speed>5.75</x:speed></extensions><time>2015-10-29T08:25:37.000Z</time></trkpt><trkpt lat="40.519882" lon="72.78906"><ele>1011.7</ele><extensions><x:speed>6.0</x:speed></extensions><time>2015-10-29T08:25:38.000Z</time></trkpt><trkpt lat="40.519825" lon="72.78908"><ele>1011.3</ele><extensions><x:speed>6.5</x:speed></extensions><time>2015-10-29T08:25:39.000Z</time></trkpt><trkpt lat="40.51977" lon="72.78908"><ele>1011.6</ele><extensions><x:speed>6.5</x:speed></extensions><time>2015-10-29T08:25:40.000Z</time></trkpt><trkpt lat="40.519608" lon="72.789116"><ele>1009.4</ele><extensions><x:speed>6.25</x:speed></extensions><time>2015-10-29T08:25:43.000Z</time></trkpt><trkpt lat="40.519554" lon="72.78912"><ele>1009.9</ele><extensions><x:speed>6.5</x:speed></extensions><time>2015-10-29T08:25:44.000Z</time></trkpt><trkpt lat="40.519497" lon="72.78915"><ele>1009.8</ele><extensions><x:speed>6.25</x:speed></extensions><time>2015-10-29T08:25:45.000Z</time></trkpt><trkpt lat="40.51938" lon="72.7892"><ele>1008.8</ele><extensions><x:speed>6.5</x:speed></extensions><time>2015-10-29T08:25:47.000Z</time></trkpt><trkpt lat="40.519318" lon="72.789215"><ele>1007.0</ele><extensions><x:speed>6.25</x:speed></extensions><time>2015-10-29T08:25:48.000Z</time></trkpt><trkpt lat="40.519257" lon="72.78922"><ele>1006.7</ele><extensions><x:speed>6.75</x:speed></extensions><time>2015-10-29T08:25:49.000Z</time></trkpt><trkpt lat="40.51919" lon="72.78923"><ele>1006.5</ele><extensions><x:speed>6.75</x:speed></extensions><time>2015-10-29T08:25:50.000Z</time></trkpt><trkpt lat="40.519127" lon="72.78923"><ele>1006.7</ele><extensions><x:speed>6.75</x:speed></extensions><time>2015-10-29T08:25:51.000Z</time></trkpt><trkpt lat="40.51907" lon="72.78923"><ele>1007.1</ele><extensions><x:speed>6.5</x:speed></extensions><time>2015-10-29T08:25:52.000Z</time></trkpt><trkpt lat="40.51901" lon="72.78924"><ele>1008.4</ele><extensions><x:speed>6.75</x:speed></extensions><time>2015-10-29T08:25:53.000Z</time></trkpt><trkpt lat="40.51895" lon="72.789246"><ele>1008.9</ele><extensions><x:speed>6.75</x:speed></extensions><time>2015-10-29T08:25:54.000Z</time></trkpt><trkpt lat="40.518753" lon="72.78928"><ele>1012.3</ele><extensions><x:speed>7.25</x:speed></extensions><time>2015-10-29T08:25:57.000Z</time></trkpt><trkpt lat="40.518684" lon="72.78929"><ele>1012.6</ele><extensions><x:speed>7.5</x:speed></extensions><time>2015-10-29T08:25:58.000Z</time></trkpt><trkpt lat="40.518616" lon="72.7893"><ele>1014.3</ele><extensions><x:speed>7.5</x:speed></extensions><time>2015-10-29T08:25:59.000Z</time></trkpt><trkpt lat="40.518555" lon="72.789314"><ele>1015.4</ele><extensions><x:speed>6.75</x:speed></extensions><time>2015-10-29T08:26:00.000Z</time></trkpt><trkpt lat="40.518448" lon="72.78934"><ele>1016.1</ele><extensions><x:speed>5.25</x:speed></extensions><time>2015-10-29T08:26:02.000Z</time></trkpt><trkpt lat="40.518402" lon="72.789345"><ele>1016.3</ele><extensions><x:speed>5.0</x:speed></extensions><time>2015-10-29T08:26:03.000Z</time></trkpt><trkpt lat="40.51835" lon="72.789345"><ele>1016.3</ele><extensions><x:speed>5.25</x:speed></extensions><time>2015-10-29T08:26:04.000Z</time></trkpt><trkpt lat="40.51812" lon="72.7894"><ele>1016.6</ele><extensions><x:speed>6.5</x:speed></extensions><time>2015-10-29T08:26:08.000Z</time></trkpt><trkpt lat="40.51799" lon="72.789406"><ele>1015.7</ele><extensions><x:speed>7.75</x:speed></extensions><time>2015-10-29T08:26:10.000Z</time></trkpt><trkpt lat="40.517925" lon="72.78941"><ele>1016.1</ele><extensions><x:speed>7.75</x:speed></extensions><time>2015-10-29T08:26:11.000Z</time></trkpt><trkpt lat="40.517857" lon="72.78942"><ele>1016.0</ele><extensions><x:speed>7.75</x:speed></extensions><time>2015-10-29T08:26:12.000Z</time></trkpt><trkpt lat="40.517796" lon="72.78944"><ele>1015.6</ele><extensions><x:speed>7.75</x:speed></extensions><time>2015-10-29T08:26:13.000Z</time></trkpt><trkpt lat="40.517727" lon="72.789444"><ele>1015.7</ele><extensions><x:speed>7.5</x:speed></extensions><time>2015-10-29T08:26:14.000Z</time></trkpt><trkpt lat="40.517662" lon="72.78945"><ele>1015.3</ele><extensions><x:speed>7.25</x:speed></extensions><time>2015-10-29T08:26:15.000Z</time></trkpt><trkpt lat="40.517597" lon="72.78945"><ele>1015.9</ele><extensions><x:speed>7.25</x:speed></extensions><time>2015-10-29T08:26:16.000Z</time></trkpt><trkpt lat="40.517467" lon="72.789474"><ele>1017.1</ele><extensions><x:speed>7.25</x:speed></extensions><time>2015-10-29T08:26:18.000Z</time></trkpt><trkpt lat="40.517395" lon="72.78948"><ele>1015.4</ele><extensions><x:speed>7.0</x:speed></extensions><time>2015-10-29T08:26:19.000Z</time></trkpt><trkpt lat="40.517334" lon="72.78949"><ele>1015.6</ele><extensions><x:speed>6.75</x:speed></extensions><time>2015-10-29T08:26:20.000Z</time></trkpt><trkpt lat="40.51728" lon="72.789505"><ele>1016.0</ele><extensions><x:speed>6.25</x:speed></extensions><time>2015-10-29T08:26:21.000Z</time></trkpt><trkpt lat="40.517246" lon="72.789505"><ele>1015.9</ele><extensions><x:speed>5.0</x:speed></extensions><time>2015-10-29T08:26:22.000Z</time></trkpt><trkpt lat="40.517197" lon="72.789505"><ele>1016.6</ele><extensions><x:speed>1.75</x:speed></extensions><time>2015-10-29T08:26:24.000Z</time></trkpt><trkpt lat="40.51712" lon="72.78946"><ele>1015.2</ele><extensions><x:speed>2.25</x:speed></extensions><time>2015-10-29T08:26:35.000Z</time></trkpt><trkpt lat="40.517044" lon="72.78948"><ele>1013.0</ele><extensions><x:speed>4.5</x:speed></extensions><time>2015-10-29T08:26:37.000Z</time></trkpt><trkpt lat="40.516926" lon="72.789505"><ele>1012.3</ele><extensions><x:speed>6.25</x:speed></extensions><time>2015-10-29T08:26:39.000Z</time></trkpt><trkpt lat="40.516853" lon="72.78951"><ele>1012.9</ele><extensions><x:speed>7.25</x:speed></extensions><time>2015-10-29T08:26:40.000Z</time></trkpt><trkpt lat="40.51671" lon="72.78953"><ele>1014.9</ele><extensions><x:speed>8.5</x:speed></extensions><time>2015-10-29T08:26:42.000Z</time></trkpt><trkpt lat="40.51663" lon="72.78954"><ele>1015.4</ele><extensions><x:speed>8.25</x:speed></extensions><time>2015-10-29T08:26:43.000Z</time></trkpt><trkpt lat="40.516544" lon="72.78954"><ele>1014.9</ele><extensions><x:speed>8.75</x:speed></extensions><time>2015-10-29T08:26:44.000Z</time></trkpt><trkpt lat="40.516155" lon="72.78965"><ele>1011.4</ele><extensions><x:speed>11.25</x:speed></extensions><time>2015-10-29T08:26:48.000Z</time></trkpt><trkpt lat="40.51585" lon="72.78971"><ele>1013.8</ele><extensions><x:speed>11.25</x:speed></extensions><time>2015-10-29T08:26:51.000Z</time></trkpt><trkpt lat="40.515724" lon="72.789734"><ele>1014.7</ele><extensions><x:speed>12.25</x:speed></extensions><time>2015-10-29T08:26:52.000Z</time></trkpt><trkpt lat="40.51563" lon="72.78976"><ele>1016.0</ele><extensions><x:speed>12.25</x:speed></extensions><time>2015-10-29T08:26:53.000Z</time></trkpt><trkpt lat="40.515545" lon="72.78979"><ele>1016.2</ele><extensions><x:speed>12.0</x:speed></extensions><time>2015-10-29T08:26:54.000Z</time></trkpt><trkpt lat="40.515427" lon="72.7898"><ele>1016.0</ele><extensions><x:speed>12.25</x:speed></extensions><time>2015-10-29T08:26:55.000Z</time></trkpt><trkpt lat="40.515312" lon="72.7898"><ele>1016.1</ele><extensions><x:speed>11.75</x:speed></extensions><time>2015-10-29T08:26:56.000Z</time></trkpt><trkpt lat="40.515205" lon="72.78983"><ele>1016.4</ele><extensions><x:speed>10.75</x:speed></extensions><time>2015-10-29T08:26:57.000Z</time></trkpt><trkpt lat="40.515133" lon="72.78985"><ele>1017.5</ele><extensions><x:speed>10.25</x:speed></extensions><time>2015-10-29T08:26:58.000Z</time></trkpt><trkpt lat="40.514942" lon="72.78989"><ele>1017.6</ele><extensions><x:speed>10.0</x:speed></extensions><time>2015-10-29T08:27:00.000Z</time></trkpt><trkpt lat="40.514854" lon="72.789894"><ele>1018.2</ele><extensions><x:speed>9.75</x:speed></extensions><time>2015-10-29T08:27:01.000Z</time></trkpt><trkpt lat="40.514687" lon="72.7899"><ele>1018.5</ele><extensions><x:speed>7.75</x:speed></extensions><time>2015-10-29T08:27:03.000Z</time></trkpt><trkpt lat="40.514565" lon="72.78992"><ele>1018.3</ele><extensions><x:speed>2.75</x:speed></extensions><time>2015-10-29T08:27:06.000Z</time></trkpt><trkpt lat="40.514557" lon="72.78992"><ele>1021.9</ele><extensions><x:speed>0.0</x:speed></extensions><time>2015-10-29T08:27:12.000Z</time></trkpt><trkpt lat="40.51452" lon="72.78991"><ele>1022.4</ele><extensions><x:speed>1.75</x:speed></extensions><time>2015-10-29T08:27:19.000Z</time></trkpt><trkpt lat="40.514484" lon="72.78992"><ele>1023.3</ele><extensions><x:speed>3.75</x:speed></extensions><time>2015-10-29T08:27:20.000Z</time></trkpt><trkpt lat="40.51434" lon="72.789955"><ele>1023.2</ele><extensions><x:speed>5.5</x:speed></extensions><time>2015-10-29T08:27:23.000Z</time></trkpt><trkpt lat="40.51414" lon="72.78999"><ele>1021.9</ele><extensions><x:speed>7.5</x:speed></extensions><time>2015-10-29T08:27:26.000Z</time></trkpt><trkpt lat="40.513985" lon="72.79002"><ele>1022.8</ele><extensions><x:speed>9.0</x:speed></extensions><time>2015-10-29T08:27:28.000Z</time></trkpt><trkpt lat="40.513897" lon="72.79002"><ele>1023.4</ele><extensions><x:speed>9.75</x:speed></extensions><time>2015-10-29T08:27:29.000Z</time></trkpt><trkpt lat="40.513805" lon="72.79004"><ele>1024.3</ele><extensions><x:speed>9.5</x:speed></extensions><time>2015-10-29T08:27:30.000Z</time></trkpt><trkpt lat="40.513607" lon="72.79007"><ele>1025.2</ele><extensions><x:speed>10.25</x:speed></extensions><time>2015-10-29T08:27:32.000Z</time></trkpt><trkpt lat="40.513515" lon="72.79009"><ele>1024.7</ele><extensions><x:speed>10.75</x:speed></extensions><time>2015-10-29T08:27:33.000Z</time></trkpt><trkpt lat="40.513416" lon="72.79011"><ele>1025.8</ele><extensions><x:speed>11.0</x:speed></extensions><time>2015-10-29T08:27:34.000Z</time></trkpt><trkpt lat="40.513317" lon="72.79013"><ele>1025.5</ele><extensions><x:speed>11.25</x:speed></extensions><time>2015-10-29T08:27:35.000Z</time></trkpt><trkpt lat="40.513096" lon="72.79016"><ele>1024.8</ele><extensions><x:speed>12.25</x:speed></extensions><time>2015-10-29T08:27:37.000Z</time></trkpt><trkpt lat="40.512985" lon="72.79018"><ele>1025.1</ele><extensions><x:speed>12.5</x:speed></extensions><time>2015-10-29T08:27:38.000Z</time></trkpt><trkpt lat="40.51287" lon="72.7902"><ele>1025.2</ele><extensions><x:speed>12.75</x:speed></extensions><time>2015-10-29T08:27:39.000Z</time></trkpt><trkpt lat="40.512756" lon="72.79022"><ele>1025.4</ele><extensions><x:speed>13.5</x:speed></extensions><time>2015-10-29T08:27:40.000Z</time></trkpt><trkpt lat="40.51263" lon="72.79023"><ele>1025.7</ele><extensions><x:speed>13.75</x:speed></extensions><time>2015-10-29T08:27:41.000Z</time></trkpt><trkpt lat="40.512505" lon="72.79025"><ele>1025.6</ele><extensions><x:speed>14.0</x:speed></extensions><time>2015-10-29T08:27:42.000Z</time></trkpt><trkpt lat="40.512123" lon="72.790306"><ele>1028.7</ele><extensions><x:speed>13.5</x:speed></extensions><time>2015-10-29T08:27:45.000Z</time></trkpt><trkpt lat="40.511806" lon="72.790375"><ele>1031.3</ele><extensions><x:speed>10.5</x:speed></extensions><time>2015-10-29T08:27:48.000Z</time></trkpt><trkpt lat="40.51163" lon="72.79045"><ele>1030.6</ele><extensions><x:speed>5.5</x:speed></extensions><time>2015-10-29T08:27:51.000Z</time></trkpt><trkpt lat="40.511566" lon="72.79053"><ele>1027.9</ele><extensions><x:speed>4.25</x:speed></extensions><time>2015-10-29T08:27:53.000Z</time></trkpt><trkpt lat="40.511547" lon="72.79062"><ele>1028.8</ele><extensions><x:speed>4.5</x:speed></extensions><time>2015-10-29T08:27:55.000Z</time></trkpt><trkpt lat="40.511574" lon="72.79075"><ele>1028.8</ele><extensions><x:speed>6.0</x:speed></extensions><time>2015-10-29T08:27:57.000Z</time></trkpt><trkpt lat="40.511585" lon="72.79083"><ele>1028.5</ele><extensions><x:speed>6.25</x:speed></extensions><time>2015-10-29T08:27:58.000Z</time></trkpt><trkpt lat="40.511726" lon="72.79101"><ele>1028.1</ele><extensions><x:speed>9.75</x:speed></extensions><time>2015-10-29T08:28:00.000Z</time></trkpt><trkpt lat="40.511784" lon="72.79111"><ele>1028.1</ele><extensions><x:speed>10.75</x:speed></extensions><time>2015-10-29T08:28:01.000Z</time></trkpt><trkpt lat="40.51185" lon="72.79122"><ele>1027.2</ele><extensions><x:speed>11.5</x:speed></extensions><time>2015-10-29T08:28:02.000Z</time></trkpt><trkpt lat="40.512093" lon="72.79165"><ele>1026.6</ele><extensions><x:speed>11.0</x:speed></extensions><time>2015-10-29T08:28:06.000Z</time></trkpt><trkpt lat="40.512257" lon="72.791855"><ele>1027.9</ele><extensions><x:speed>10.25</x:speed></extensions><time>2015-10-29T08:28:08.000Z</time></trkpt><trkpt lat="40.51229" lon="72.791954"><ele>1028.1</ele><extensions><x:speed>9.75</x:speed></extensions><time>2015-10-29T08:28:09.000Z</time></trkpt><trkpt lat="40.512383" lon="72.79223"><ele>1027.7</ele><extensions><x:speed>8.0</x:speed></extensions><time>2015-10-29T08:28:12.000Z</time></trkpt><trkpt lat="40.512478" lon="72.79235"><ele>1027.7</ele><extensions><x:speed>6.5</x:speed></extensions><time>2015-10-29T08:28:14.000Z</time></trkpt><trkpt lat="40.512486" lon="72.7924"><ele>1027.0</ele><extensions><x:speed>5.25</x:speed></extensions><time>2015-10-29T08:28:15.000Z</time></trkpt><trkpt lat="40.512466" lon="72.79245"><ele>1026.6</ele><extensions><x:speed>5.0</x:speed></extensions><time>2015-10-29T08:28:16.000Z</time></trkpt><trkpt lat="40.512466" lon="72.7925"><ele>1025.1</ele><extensions><x:speed>5.0</x:speed></extensions><time>2015-10-29T08:28:17.000Z</time></trkpt><trkpt lat="40.51249" lon="72.79255"><ele>1025.3</ele><extensions><x:speed>5.25</x:speed></extensions><time>2015-10-29T08:28:18.000Z</time></trkpt><trkpt lat="40.512524" lon="72.79267"><ele>1025.5</ele><extensions><x:speed>5.5</x:speed></extensions><time>2015-10-29T08:28:20.000Z</time></trkpt><trkpt lat="40.512566" lon="72.79278"><ele>1024.8</ele><extensions><x:speed>5.5</x:speed></extensions><time>2015-10-29T08:28:22.000Z</time></trkpt><trkpt lat="40.51258" lon="72.79283"><ele>1024.0</ele><extensions><x:speed>5.0</x:speed></extensions><time>2015-10-29T08:28:23.000Z</time></trkpt><trkpt lat="40.512505" lon="72.792984"><ele>1026.0</ele><extensions><x:speed>3.25</x:speed></extensions><time>2015-10-29T08:28:27.000Z</time></trkpt><trkpt lat="40.51245" lon="72.79299"><ele>1025.7</ele><extensions><x:speed>1.75</x:speed></extensions><time>2015-10-29T08:28:29.000Z</time></trkpt><trkpt lat="40.51242" lon="72.792984"><ele>1026.3</ele><extensions><x:speed>0.0</x:speed></extensions><time>2015-10-29T08:28:37.000Z</time></trkpt><trkpt lat="40.512417" lon="72.793015"><ele>1022.8</ele><extensions><x:speed>0.0</x:speed></extensions><time>2015-10-29T08:28:47.000Z</time></trkpt><trkpt lat="40.512424" lon="72.79296"><ele>1023.6</ele><extensions><x:speed>0.75</x:speed></extensions><time>2015-10-29T08:28:55.000Z</time></trkpt><trkpt lat="40.51242" lon="72.79291"><ele>1023.3</ele><extensions><x:speed>1.0</x:speed></extensions><time>2015-10-29T08:29:00.000Z</time></trkpt><trkpt lat="40.512413" lon="72.79285"><ele>1024.6</ele><extensions><x:speed>1.5</x:speed></extensions><time>2015-10-29T08:29:03.000Z</time></trkpt><trkpt lat="40.51241" lon="72.792786"><ele>1023.2</ele><extensions><x:speed>1.5</x:speed></extensions><time>2015-10-29T08:29:06.000Z</time></trkpt><trkpt lat="40.512413" lon="72.79273"><ele>1024.4</ele><extensions><x:speed>1.25</x:speed></extensions><time>2015-10-29T08:29:09.000Z</time></trkpt><trkpt lat="40.51242" lon="72.792786"><ele>1024.4</ele><extensions><x:speed>3.0</x:speed></extensions><time>2015-10-29T08:29:30.000Z</time></trkpt><trkpt lat="40.51244" lon="72.79283"><ele>1023.8</ele><extensions><x:speed>3.5</x:speed></extensions><time>2015-10-29T08:29:31.000Z</time></trkpt><trkpt lat="40.512486" lon="72.792915"><ele>1023.0</ele><extensions><x:speed>5.5</x:speed></extensions><time>2015-10-29T08:29:32.000Z</time></trkpt><trkpt lat="40.512543" lon="72.79302"><ele>1022.2</ele><extensions><x:speed>5.0</x:speed></extensions><time>2015-10-29T08:29:34.000Z</time></trkpt><trkpt lat="40.512585" lon="72.793076"><ele>1021.7</ele><extensions><x:speed>5.25</x:speed></extensions><time>2015-10-29T08:29:35.000Z</time></trkpt><trkpt lat="40.51268" lon="72.79328"><ele>1022.6</ele><extensions><x:speed>6.0</x:speed></extensions><time>2015-10-29T08:29:38.000Z</time></trkpt></trkseg></trk></gpx>
