<?xml version='1.0' encoding='UTF-8' standalone='yes' ?><gpx version="1.1" creator="GPS-Essentials/Android/com.mictale.gpsessentials/4.2.28" xmlns="http://www.topografix.com/GPX/1/1" xmlns:x="http://www.gpsessentials.com/ns/gpx-ext/1/0"><metadata><name>kg-osh-2</name><desc></desc><time>2015-10-30T04:12:59.411Z</time></metadata><wpt lat="40.539375" lon="72.80352"><ele>969.6</ele><extensions><x:speed>0.0</x:speed></extensions><time>2015-10-30T04:21:49.000Z</time><name>Track Recording Stopped</name><desc>Recording stopped at 22'32" because the user stopped it after 5.09km (241m gain).</desc></wpt><trk><name>Tracking android:f0503deb6017fd06</name><desc>Tracking recently started 2015/10/30 09:55</desc><number>5137</number><trkseg><trkpt lat="40.50117" lon="72.82244"><ele>1019.2</ele><extensions><x:speed>0.5</x:speed></extensions><time>2015-10-30T03:59:16.414Z</time></trkpt><trkpt lat="40.50103" lon="72.82238"><ele>1027.9</ele><extensions><x:speed>0.0</x:speed></extensions><time>2015-10-30T03:59:17.385Z</time></trkpt><trkpt lat="40.500927" lon="72.82243"><ele>1030.5</ele><extensions><x:speed>0.25</x:speed></extensions><time>2015-10-30T03:59:19.396Z</time></trkpt><trkpt lat="40.500965" lon="72.82241"><ele>1008.9</ele><extensions><x:speed>0.5</x:speed></extensions><time>2015-10-30T03:59:20.396Z</time></trkpt><trkpt lat="40.501003" lon="72.82251"><ele>996.4</ele><extensions><x:speed>0.0</x:speed></extensions><time>2015-10-30T03:59:28.000Z</time></trkpt><trkpt lat="40.50107" lon="72.82249"><ele>1002.2</ele><extensions><x:speed>0.5</x:speed></extensions><time>2015-10-30T03:59:37.000Z</time></trkpt><trkpt lat="40.50118" lon="72.822495"><ele>1002.8</ele><extensions><x:speed>5.0</x:speed></extensions><time>2015-10-30T03:59:50.000Z</time></trkpt><trkpt lat="40.50127" lon="72.82248"><ele>1000.2</ele><extensions><x:speed>5.5</x:speed></extensions><time>2015-10-30T03:59:51.000Z</time></trkpt><trkpt lat="40.50134" lon="72.82244"><ele>1001.5</ele><extensions><x:speed>6.0</x:speed></extensions><time>2015-10-30T03:59:52.000Z</time></trkpt><trkpt lat="40.50146" lon="72.82239"><ele>1001.9</ele><extensions><x:speed>4.75</x:speed></extensions><time>2015-10-30T03:59:54.000Z</time></trkpt><trkpt lat="40.501564" lon="72.822334"><ele>1005.5</ele><extensions><x:speed>5.25</x:speed></extensions><time>2015-10-30T03:59:56.000Z</time></trkpt><trkpt lat="40.50169" lon="72.82229"><ele>1005.6</ele><extensions><x:speed>6.0</x:speed></extensions><time>2015-10-30T03:59:58.000Z</time></trkpt><trkpt lat="40.501823" lon="72.82222"><ele>1003.4</ele><extensions><x:speed>6.25</x:speed></extensions><time>2015-10-30T04:00:00.000Z</time></trkpt><trkpt lat="40.50193" lon="72.82221"><ele>1003.6</ele><extensions><x:speed>5.75</x:speed></extensions><time>2015-10-30T04:00:02.000Z</time></trkpt><trkpt lat="40.502075" lon="72.82214"><ele>1004.2</ele><extensions><x:speed>7.0</x:speed></extensions><time>2015-10-30T04:00:04.000Z</time></trkpt><trkpt lat="40.502228" lon="72.82209"><ele>1004.6</ele><extensions><x:speed>7.0</x:speed></extensions><time>2015-10-30T04:00:06.000Z</time></trkpt><trkpt lat="40.502354" lon="72.82203"><ele>1005.8</ele><extensions><x:speed>6.5</x:speed></extensions><time>2015-10-30T04:00:08.000Z</time></trkpt><trkpt lat="40.502476" lon="72.82199"><ele>1006.2</ele><extensions><x:speed>6.5</x:speed></extensions><time>2015-10-30T04:00:10.000Z</time></trkpt><trkpt lat="40.502552" lon="72.82196"><ele>1005.3</ele><extensions><x:speed>6.75</x:speed></extensions><time>2015-10-30T04:00:11.000Z</time></trkpt><trkpt lat="40.502632" lon="72.82193"><ele>1006.2</ele><extensions><x:speed>7.25</x:speed></extensions><time>2015-10-30T04:00:12.000Z</time></trkpt><trkpt lat="40.502705" lon="72.821884"><ele>1006.4</ele><extensions><x:speed>7.5</x:speed></extensions><time>2015-10-30T04:00:13.000Z</time></trkpt><trkpt lat="40.502773" lon="72.82185"><ele>1006.4</ele><extensions><x:speed>7.0</x:speed></extensions><time>2015-10-30T04:00:14.000Z</time></trkpt><trkpt lat="40.50284" lon="72.82183"><ele>1006.4</ele><extensions><x:speed>6.5</x:speed></extensions><time>2015-10-30T04:00:15.000Z</time></trkpt><trkpt lat="40.5029" lon="72.82179"><ele>1006.3</ele><extensions><x:speed>6.75</x:speed></extensions><time>2015-10-30T04:00:16.000Z</time></trkpt><trkpt lat="40.50296" lon="72.82178"><ele>1005.3</ele><extensions><x:speed>6.75</x:speed></extensions><time>2015-10-30T04:00:17.000Z</time></trkpt><trkpt lat="40.503082" lon="72.82173"><ele>1006.2</ele><extensions><x:speed>6.75</x:speed></extensions><time>2015-10-30T04:00:19.000Z</time></trkpt><trkpt lat="40.503204" lon="72.82168"><ele>1006.8</ele><extensions><x:speed>6.75</x:speed></extensions><time>2015-10-30T04:00:21.000Z</time></trkpt><trkpt lat="40.50327" lon="72.82166"><ele>1006.4</ele><extensions><x:speed>6.25</x:speed></extensions><time>2015-10-30T04:00:22.000Z</time></trkpt><trkpt lat="40.50336" lon="72.82164"><ele>1007.6</ele><extensions><x:speed>5.75</x:speed></extensions><time>2015-10-30T04:00:24.000Z</time></trkpt><trkpt lat="40.503464" lon="72.82161"><ele>1007.8</ele><extensions><x:speed>5.5</x:speed></extensions><time>2015-10-30T04:00:26.000Z</time></trkpt><trkpt lat="40.503525" lon="72.82157"><ele>1007.8</ele><extensions><x:speed>6.25</x:speed></extensions><time>2015-10-30T04:00:27.000Z</time></trkpt><trkpt lat="40.503635" lon="72.82152"><ele>1007.5</ele><extensions><x:speed>6.5</x:speed></extensions><time>2015-10-30T04:00:29.000Z</time></trkpt><trkpt lat="40.503708" lon="72.8215"><ele>1005.5</ele><extensions><x:speed>6.25</x:speed></extensions><time>2015-10-30T04:00:30.000Z</time></trkpt><trkpt lat="40.50385" lon="72.821434"><ele>1006.6</ele><extensions><x:speed>6.5</x:speed></extensions><time>2015-10-30T04:00:32.000Z</time></trkpt><trkpt lat="40.504036" lon="72.82135"><ele>1010.2</ele><extensions><x:speed>5.75</x:speed></extensions><time>2015-10-30T04:00:35.000Z</time></trkpt><trkpt lat="40.50417" lon="72.82137"><ele>1011.2</ele><extensions><x:speed>6.5</x:speed></extensions><time>2015-10-30T04:00:37.000Z</time></trkpt><trkpt lat="40.504314" lon="72.821365"><ele>1011.4</ele><extensions><x:speed>7.5</x:speed></extensions><time>2015-10-30T04:00:39.000Z</time></trkpt><trkpt lat="40.50444" lon="72.82146"><ele>1012.0</ele><extensions><x:speed>5.75</x:speed></extensions><time>2015-10-30T04:00:42.000Z</time></trkpt><trkpt lat="40.504585" lon="72.82148"><ele>1011.6</ele><extensions><x:speed>4.0</x:speed></extensions><time>2015-10-30T04:00:46.000Z</time></trkpt><trkpt lat="40.504704" lon="72.82144"><ele>1010.1</ele><extensions><x:speed>1.75</x:speed></extensions><time>2015-10-30T04:00:57.000Z</time></trkpt><trkpt lat="40.50486" lon="72.82147"><ele>1010.4</ele><extensions><x:speed>5.0</x:speed></extensions><time>2015-10-30T04:01:00.000Z</time></trkpt><trkpt lat="40.505" lon="72.82145"><ele>1010.9</ele><extensions><x:speed>4.75</x:speed></extensions><time>2015-10-30T04:01:02.000Z</time></trkpt><trkpt lat="40.505146" lon="72.82146"><ele>1011.7</ele><extensions><x:speed>5.75</x:speed></extensions><time>2015-10-30T04:01:05.000Z</time></trkpt><trkpt lat="40.50526" lon="72.82146"><ele>1012.4</ele><extensions><x:speed>6.0</x:speed></extensions><time>2015-10-30T04:01:07.000Z</time></trkpt><trkpt lat="40.505405" lon="72.821434"><ele>1013.1</ele><extensions><x:speed>5.75</x:speed></extensions><time>2015-10-30T04:01:10.000Z</time></trkpt><trkpt lat="40.5056" lon="72.821465"><ele>1014.0</ele><extensions><x:speed>6.75</x:speed></extensions><time>2015-10-30T04:01:13.000Z</time></trkpt><trkpt lat="40.505726" lon="72.8214"><ele>1012.5</ele><extensions><x:speed>5.75</x:speed></extensions><time>2015-10-30T04:01:17.000Z</time></trkpt><trkpt lat="40.505836" lon="72.82141"><ele>1012.8</ele><extensions><x:speed>6.0</x:speed></extensions><time>2015-10-30T04:01:19.000Z</time></trkpt><trkpt lat="40.505955" lon="72.82141"><ele>1015.1</ele><extensions><x:speed>6.0</x:speed></extensions><time>2015-10-30T04:01:22.000Z</time></trkpt><trkpt lat="40.50606" lon="72.82142"><ele>1015.5</ele><extensions><x:speed>6.25</x:speed></extensions><time>2015-10-30T04:01:24.000Z</time></trkpt><trkpt lat="40.506237" lon="72.82147"><ele>1016.9</ele><extensions><x:speed>7.5</x:speed></extensions><time>2015-10-30T04:01:26.000Z</time></trkpt><trkpt lat="40.50639" lon="72.82146"><ele>1017.5</ele><extensions><x:speed>5.25</x:speed></extensions><time>2015-10-30T04:01:29.000Z</time></trkpt><trkpt lat="40.50658" lon="72.82143"><ele>1019.5</ele><extensions><x:speed>5.0</x:speed></extensions><time>2015-10-30T04:01:33.000Z</time></trkpt><trkpt lat="40.506638" lon="72.82161"><ele>1015.6</ele><extensions><x:speed>3.5</x:speed></extensions><time>2015-10-30T04:01:51.000Z</time></trkpt><trkpt lat="40.506706" lon="72.82171"><ele>1015.2</ele><extensions><x:speed>4.5</x:speed></extensions><time>2015-10-30T04:01:53.000Z</time></trkpt><trkpt lat="40.506767" lon="72.821815"><ele>1017.0</ele><extensions><x:speed>4.0</x:speed></extensions><time>2015-10-30T04:01:55.000Z</time></trkpt><trkpt lat="40.506824" lon="72.822014"><ele>1014.8</ele><extensions><x:speed>5.5</x:speed></extensions><time>2015-10-30T04:01:58.000Z</time></trkpt><trkpt lat="40.506897" lon="72.822136"><ele>1018.2</ele><extensions><x:speed>6.0</x:speed></extensions><time>2015-10-30T04:02:00.000Z</time></trkpt><trkpt lat="40.506966" lon="72.82225"><ele>1019.5</ele><extensions><x:speed>5.5</x:speed></extensions><time>2015-10-30T04:02:02.000Z</time></trkpt><trkpt lat="40.507065" lon="72.822334"><ele>1019.1</ele><extensions><x:speed>6.5</x:speed></extensions><time>2015-10-30T04:02:04.000Z</time></trkpt><trkpt lat="40.507206" lon="72.822395"><ele>1018.9</ele><extensions><x:speed>5.5</x:speed></extensions><time>2015-10-30T04:02:07.000Z</time></trkpt><trkpt lat="40.507343" lon="72.82238"><ele>1016.5</ele><extensions><x:speed>6.0</x:speed></extensions><time>2015-10-30T04:02:09.000Z</time></trkpt><trkpt lat="40.50748" lon="72.822334"><ele>1016.3</ele><extensions><x:speed>5.75</x:speed></extensions><time>2015-10-30T04:02:11.000Z</time></trkpt><trkpt lat="40.507607" lon="72.82226"><ele>1015.9</ele><extensions><x:speed>6.0</x:speed></extensions><time>2015-10-30T04:02:13.000Z</time></trkpt><trkpt lat="40.507713" lon="72.82221"><ele>1015.2</ele><extensions><x:speed>7.0</x:speed></extensions><time>2015-10-30T04:02:15.000Z</time></trkpt><trkpt lat="40.507805" lon="72.82214"><ele>1013.2</ele><extensions><x:speed>5.0</x:speed></extensions><time>2015-10-30T04:02:18.000Z</time></trkpt><trkpt lat="40.50791" lon="72.82208"><ele>1013.3</ele><extensions><x:speed>4.25</x:speed></extensions><time>2015-10-30T04:02:21.000Z</time></trkpt><trkpt lat="40.508015" lon="72.822014"><ele>1010.9</ele><extensions><x:speed>3.0</x:speed></extensions><time>2015-10-30T04:02:44.000Z</time></trkpt><trkpt lat="40.508163" lon="72.82194"><ele>1011.2</ele><extensions><x:speed>6.0</x:speed></extensions><time>2015-10-30T04:02:47.000Z</time></trkpt><trkpt lat="40.50831" lon="72.82182"><ele>1010.2</ele><extensions><x:speed>6.25</x:speed></extensions><time>2015-10-30T04:02:49.000Z</time></trkpt><trkpt lat="40.50847" lon="72.8217"><ele>1008.2</ele><extensions><x:speed>5.75</x:speed></extensions><time>2015-10-30T04:02:52.000Z</time></trkpt><trkpt lat="40.50859" lon="72.821655"><ele>1008.7</ele><extensions><x:speed>6.5</x:speed></extensions><time>2015-10-30T04:02:54.000Z</time></trkpt><trkpt lat="40.508713" lon="72.82159"><ele>1009.6</ele><extensions><x:speed>6.25</x:speed></extensions><time>2015-10-30T04:02:56.000Z</time></trkpt><trkpt lat="40.5089" lon="72.82152"><ele>1005.5</ele><extensions><x:speed>6.5</x:speed></extensions><time>2015-10-30T04:02:59.000Z</time></trkpt><trkpt lat="40.509045" lon="72.82143"><ele>1007.1</ele><extensions><x:speed>5.5</x:speed></extensions><time>2015-10-30T04:03:02.000Z</time></trkpt><trkpt lat="40.50917" lon="72.82134"><ele>1008.4</ele><extensions><x:speed>4.5</x:speed></extensions><time>2015-10-30T04:03:05.000Z</time></trkpt><trkpt lat="40.509327" lon="72.82124"><ele>1008.0</ele><extensions><x:speed>5.5</x:speed></extensions><time>2015-10-30T04:03:08.000Z</time></trkpt><trkpt lat="40.50952" lon="72.82115"><ele>1006.3</ele><extensions><x:speed>6.5</x:speed></extensions><time>2015-10-30T04:03:11.000Z</time></trkpt><trkpt lat="40.50967" lon="72.82106"><ele>1005.1</ele><extensions><x:speed>6.25</x:speed></extensions><time>2015-10-30T04:03:14.000Z</time></trkpt><trkpt lat="40.509773" lon="72.82099"><ele>1006.6</ele><extensions><x:speed>6.25</x:speed></extensions><time>2015-10-30T04:03:16.000Z</time></trkpt><trkpt lat="40.50994" lon="72.82095"><ele>1006.6</ele><extensions><x:speed>7.25</x:speed></extensions><time>2015-10-30T04:03:18.000Z</time></trkpt><trkpt lat="40.51007" lon="72.82088"><ele>1010.0</ele><extensions><x:speed>6.25</x:speed></extensions><time>2015-10-30T04:03:21.000Z</time></trkpt><trkpt lat="40.510185" lon="72.82078"><ele>1008.5</ele><extensions><x:speed>6.75</x:speed></extensions><time>2015-10-30T04:03:23.000Z</time></trkpt><trkpt lat="40.510323" lon="72.82068"><ele>1009.4</ele><extensions><x:speed>6.5</x:speed></extensions><time>2015-10-30T04:03:26.000Z</time></trkpt><trkpt lat="40.510487" lon="72.82057"><ele>1008.4</ele><extensions><x:speed>6.5</x:speed></extensions><time>2015-10-30T04:03:29.000Z</time></trkpt><trkpt lat="40.510605" lon="72.8205"><ele>1009.2</ele><extensions><x:speed>6.0</x:speed></extensions><time>2015-10-30T04:03:31.000Z</time></trkpt><trkpt lat="40.51074" lon="72.82047"><ele>1009.0</ele><extensions><x:speed>6.25</x:speed></extensions><time>2015-10-30T04:03:33.000Z</time></trkpt><trkpt lat="40.510853" lon="72.82041"><ele>1006.9</ele><extensions><x:speed>6.0</x:speed></extensions><time>2015-10-30T04:03:35.000Z</time></trkpt><trkpt lat="40.51097" lon="72.82033"><ele>1008.7</ele><extensions><x:speed>5.5</x:speed></extensions><time>2015-10-30T04:03:38.000Z</time></trkpt><trkpt lat="40.511173" lon="72.82023"><ele>1007.2</ele><extensions><x:speed>6.5</x:speed></extensions><time>2015-10-30T04:03:43.000Z</time></trkpt><trkpt lat="40.51133" lon="72.82013"><ele>1005.2</ele><extensions><x:speed>7.5</x:speed></extensions><time>2015-10-30T04:03:46.000Z</time></trkpt><trkpt lat="40.511467" lon="72.82002"><ele>1006.2</ele><extensions><x:speed>6.75</x:speed></extensions><time>2015-10-30T04:03:48.000Z</time></trkpt><trkpt lat="40.51158" lon="72.819916"><ele>1004.7</ele><extensions><x:speed>6.5</x:speed></extensions><time>2015-10-30T04:03:51.000Z</time></trkpt><trkpt lat="40.5117" lon="72.81986"><ele>1006.4</ele><extensions><x:speed>6.5</x:speed></extensions><time>2015-10-30T04:03:53.000Z</time></trkpt><trkpt lat="40.51182" lon="72.819786"><ele>1008.3</ele><extensions><x:speed>7.5</x:speed></extensions><time>2015-10-30T04:03:55.000Z</time></trkpt><trkpt lat="40.511925" lon="72.81967"><ele>1005.5</ele><extensions><x:speed>6.75</x:speed></extensions><time>2015-10-30T04:03:58.000Z</time></trkpt><trkpt lat="40.512062" lon="72.819595"><ele>1004.7</ele><extensions><x:speed>7.5</x:speed></extensions><time>2015-10-30T04:04:00.000Z</time></trkpt><trkpt lat="40.512226" lon="72.81954"><ele>1004.8</ele><extensions><x:speed>7.25</x:speed></extensions><time>2015-10-30T04:04:02.000Z</time></trkpt><trkpt lat="40.512367" lon="72.81948"><ele>1006.7</ele><extensions><x:speed>7.0</x:speed></extensions><time>2015-10-30T04:04:04.000Z</time></trkpt><trkpt lat="40.51255" lon="72.81934"><ele>1009.1</ele><extensions><x:speed>6.75</x:speed></extensions><time>2015-10-30T04:04:07.000Z</time></trkpt><trkpt lat="40.51264" lon="72.81926"><ele>1009.4</ele><extensions><x:speed>5.75</x:speed></extensions><time>2015-10-30T04:04:09.000Z</time></trkpt><trkpt lat="40.512745" lon="72.81919"><ele>1007.0</ele><extensions><x:speed>5.75</x:speed></extensions><time>2015-10-30T04:04:11.000Z</time></trkpt><trkpt lat="40.512848" lon="72.81914"><ele>1007.3</ele><extensions><x:speed>3.0</x:speed></extensions><time>2015-10-30T04:04:14.000Z</time></trkpt><trkpt lat="40.512947" lon="72.81908"><ele>1014.1</ele><extensions><x:speed>3.0</x:speed></extensions><time>2015-10-30T04:04:44.000Z</time></trkpt><trkpt lat="40.513134" lon="72.818954"><ele>1013.4</ele><extensions><x:speed>6.0</x:speed></extensions><time>2015-10-30T04:04:47.000Z</time></trkpt><trkpt lat="40.51324" lon="72.81888"><ele>1013.3</ele><extensions><x:speed>6.0</x:speed></extensions><time>2015-10-30T04:04:49.000Z</time></trkpt><trkpt lat="40.51336" lon="72.818756"><ele>1012.7</ele><extensions><x:speed>6.75</x:speed></extensions><time>2015-10-30T04:04:51.000Z</time></trkpt><trkpt lat="40.513466" lon="72.81866"><ele>1013.1</ele><extensions><x:speed>7.5</x:speed></extensions><time>2015-10-30T04:04:53.000Z</time></trkpt><trkpt lat="40.51358" lon="72.8186"><ele>1008.5</ele><extensions><x:speed>7.25</x:speed></extensions><time>2015-10-30T04:04:55.000Z</time></trkpt><trkpt lat="40.5137" lon="72.81845"><ele>1005.1</ele><extensions><x:speed>6.75</x:speed></extensions><time>2015-10-30T04:04:57.000Z</time></trkpt><trkpt lat="40.513805" lon="72.818306"><ele>1006.0</ele><extensions><x:speed>7.25</x:speed></extensions><time>2015-10-30T04:04:59.000Z</time></trkpt><trkpt lat="40.513916" lon="72.818184"><ele>1005.2</ele><extensions><x:speed>6.5</x:speed></extensions><time>2015-10-30T04:05:01.000Z</time></trkpt><trkpt lat="40.51401" lon="72.81811"><ele>1005.7</ele><extensions><x:speed>5.75</x:speed></extensions><time>2015-10-30T04:05:03.000Z</time></trkpt><trkpt lat="40.514133" lon="72.81792"><ele>1006.9</ele><extensions><x:speed>6.75</x:speed></extensions><time>2015-10-30T04:05:06.000Z</time></trkpt><trkpt lat="40.514206" lon="72.81777"><ele>1004.8</ele><extensions><x:speed>6.75</x:speed></extensions><time>2015-10-30T04:05:08.000Z</time></trkpt><trkpt lat="40.514305" lon="72.81768"><ele>1004.9</ele><extensions><x:speed>6.75</x:speed></extensions><time>2015-10-30T04:05:10.000Z</time></trkpt><trkpt lat="40.51444" lon="72.81756"><ele>1006.2</ele><extensions><x:speed>7.75</x:speed></extensions><time>2015-10-30T04:05:12.000Z</time></trkpt><trkpt lat="40.514572" lon="72.81738"><ele>1006.0</ele><extensions><x:speed>8.75</x:speed></extensions><time>2015-10-30T04:05:14.000Z</time></trkpt><trkpt lat="40.51466" lon="72.81726"><ele>1005.3</ele><extensions><x:speed>6.25</x:speed></extensions><time>2015-10-30T04:05:17.000Z</time></trkpt><trkpt lat="40.51473" lon="72.81709"><ele>1005.6</ele><extensions><x:speed>7.5</x:speed></extensions><time>2015-10-30T04:05:19.000Z</time></trkpt><trkpt lat="40.514774" lon="72.816925"><ele>1005.4</ele><extensions><x:speed>9.5</x:speed></extensions><time>2015-10-30T04:05:20.000Z</time></trkpt><trkpt lat="40.514828" lon="72.81676"><ele>1003.9</ele><extensions><x:speed>8.75</x:speed></extensions><time>2015-10-30T04:05:22.000Z</time></trkpt><trkpt lat="40.514973" lon="72.81664"><ele>1005.0</ele><extensions><x:speed>7.5</x:speed></extensions><time>2015-10-30T04:05:25.000Z</time></trkpt><trkpt lat="40.515022" lon="72.816475"><ele>1002.6</ele><extensions><x:speed>7.75</x:speed></extensions><time>2015-10-30T04:05:27.000Z</time></trkpt><trkpt lat="40.51515" lon="72.81627"><ele>1003.1</ele><extensions><x:speed>7.5</x:speed></extensions><time>2015-10-30T04:05:30.000Z</time></trkpt><trkpt lat="40.515236" lon="72.81612"><ele>1004.1</ele><extensions><x:speed>7.0</x:speed></extensions><time>2015-10-30T04:05:32.000Z</time></trkpt><trkpt lat="40.515335" lon="72.81601"><ele>1004.7</ele><extensions><x:speed>6.75</x:speed></extensions><time>2015-10-30T04:05:34.000Z</time></trkpt><trkpt lat="40.515423" lon="72.81583"><ele>1003.4</ele><extensions><x:speed>8.0</x:speed></extensions><time>2015-10-30T04:05:36.000Z</time></trkpt><trkpt lat="40.51552" lon="72.815704"><ele>1004.1</ele><extensions><x:speed>8.0</x:speed></extensions><time>2015-10-30T04:05:38.000Z</time></trkpt><trkpt lat="40.515594" lon="72.81556"><ele>1004.3</ele><extensions><x:speed>7.5</x:speed></extensions><time>2015-10-30T04:05:40.000Z</time></trkpt><trkpt lat="40.515694" lon="72.81543"><ele>1004.4</ele><extensions><x:speed>7.75</x:speed></extensions><time>2015-10-30T04:05:42.000Z</time></trkpt><trkpt lat="40.515766" lon="72.8153"><ele>1005.3</ele><extensions><x:speed>8.0</x:speed></extensions><time>2015-10-30T04:05:44.000Z</time></trkpt><trkpt lat="40.515854" lon="72.815155"><ele>1004.7</ele><extensions><x:speed>7.5</x:speed></extensions><time>2015-10-30T04:05:46.000Z</time></trkpt><trkpt lat="40.515938" lon="72.815"><ele>1002.7</ele><extensions><x:speed>7.5</x:speed></extensions><time>2015-10-30T04:05:48.000Z</time></trkpt><trkpt lat="40.516014" lon="72.81484"><ele>1004.9</ele><extensions><x:speed>6.75</x:speed></extensions><time>2015-10-30T04:05:50.000Z</time></trkpt><trkpt lat="40.51608" lon="72.81471"><ele>1002.7</ele><extensions><x:speed>6.5</x:speed></extensions><time>2015-10-30T04:05:52.000Z</time></trkpt><trkpt lat="40.516174" lon="72.81463"><ele>1002.1</ele><extensions><x:speed>6.75</x:speed></extensions><time>2015-10-30T04:05:54.000Z</time></trkpt><trkpt lat="40.516266" lon="72.81455"><ele>1000.6</ele><extensions><x:speed>5.75</x:speed></extensions><time>2015-10-30T04:05:56.000Z</time></trkpt><trkpt lat="40.5164" lon="72.81447"><ele>1002.1</ele><extensions><x:speed>5.0</x:speed></extensions><time>2015-10-30T04:05:59.000Z</time></trkpt><trkpt lat="40.516502" lon="72.81436"><ele>1004.6</ele><extensions><x:speed>3.0</x:speed></extensions><time>2015-10-30T04:06:15.000Z</time></trkpt><trkpt lat="40.516594" lon="72.81425"><ele>1001.8</ele><extensions><x:speed>3.75</x:speed></extensions><time>2015-10-30T04:06:18.000Z</time></trkpt><trkpt lat="40.516693" lon="72.81418"><ele>1003.4</ele><extensions><x:speed>5.75</x:speed></extensions><time>2015-10-30T04:06:20.000Z</time></trkpt><trkpt lat="40.516796" lon="72.81414"><ele>1004.3</ele><extensions><x:speed>6.5</x:speed></extensions><time>2015-10-30T04:06:22.000Z</time></trkpt><trkpt lat="40.5169" lon="72.814095"><ele>1003.9</ele><extensions><x:speed>6.25</x:speed></extensions><time>2015-10-30T04:06:24.000Z</time></trkpt><trkpt lat="40.517" lon="72.81401"><ele>1001.0</ele><extensions><x:speed>6.75</x:speed></extensions><time>2015-10-30T04:06:26.000Z</time></trkpt><trkpt lat="40.517128" lon="72.81394"><ele>1003.3</ele><extensions><x:speed>6.75</x:speed></extensions><time>2015-10-30T04:06:28.000Z</time></trkpt><trkpt lat="40.517227" lon="72.813866"><ele>1004.2</ele><extensions><x:speed>6.0</x:speed></extensions><time>2015-10-30T04:06:30.000Z</time></trkpt><trkpt lat="40.51735" lon="72.8138"><ele>1004.4</ele><extensions><x:speed>6.5</x:speed></extensions><time>2015-10-30T04:06:32.000Z</time></trkpt><trkpt lat="40.51746" lon="72.81373"><ele>1003.3</ele><extensions><x:speed>6.75</x:speed></extensions><time>2015-10-30T04:06:34.000Z</time></trkpt><trkpt lat="40.51758" lon="72.81365"><ele>1002.4</ele><extensions><x:speed>6.75</x:speed></extensions><time>2015-10-30T04:06:36.000Z</time></trkpt><trkpt lat="40.51771" lon="72.81358"><ele>1003.5</ele><extensions><x:speed>7.25</x:speed></extensions><time>2015-10-30T04:06:38.000Z</time></trkpt><trkpt lat="40.51786" lon="72.81349"><ele>1004.2</ele><extensions><x:speed>7.0</x:speed></extensions><time>2015-10-30T04:06:41.000Z</time></trkpt><trkpt lat="40.517982" lon="72.81339"><ele>1002.8</ele><extensions><x:speed>6.75</x:speed></extensions><time>2015-10-30T04:06:43.000Z</time></trkpt><trkpt lat="40.51812" lon="72.81331"><ele>998.4</ele><extensions><x:speed>6.75</x:speed></extensions><time>2015-10-30T04:06:46.000Z</time></trkpt><trkpt lat="40.51823" lon="72.813255"><ele>1000.4</ele><extensions><x:speed>6.5</x:speed></extensions><time>2015-10-30T04:06:48.000Z</time></trkpt><trkpt lat="40.51834" lon="72.81322"><ele>1000.2</ele><extensions><x:speed>6.25</x:speed></extensions><time>2015-10-30T04:06:50.000Z</time></trkpt><trkpt lat="40.518497" lon="72.81317"><ele>999.5</ele><extensions><x:speed>6.0</x:speed></extensions><time>2015-10-30T04:06:53.000Z</time></trkpt><trkpt lat="40.51857" lon="72.81304"><ele>1000.0</ele><extensions><x:speed>1.75</x:speed></extensions><time>2015-10-30T04:06:56.000Z</time></trkpt><trkpt lat="40.51868" lon="72.81299"><ele>997.8</ele><extensions><x:speed>3.25</x:speed></extensions><time>2015-10-30T04:07:03.000Z</time></trkpt><trkpt lat="40.518814" lon="72.81292"><ele>1000.4</ele><extensions><x:speed>3.5</x:speed></extensions><time>2015-10-30T04:07:07.000Z</time></trkpt><trkpt lat="40.518917" lon="72.812836"><ele>998.4</ele><extensions><x:speed>4.5</x:speed></extensions><time>2015-10-30T04:07:10.000Z</time></trkpt><trkpt lat="40.519035" lon="72.81277"><ele>998.0</ele><extensions><x:speed>4.25</x:speed></extensions><time>2015-10-30T04:07:13.000Z</time></trkpt><trkpt lat="40.519123" lon="72.81273"><ele>998.0</ele><extensions><x:speed>2.25</x:speed></extensions><time>2015-10-30T04:07:16.000Z</time></trkpt><trkpt lat="40.519215" lon="72.81267"><ele>1000.6</ele><extensions><x:speed>3.75</x:speed></extensions><time>2015-10-30T04:07:23.000Z</time></trkpt><trkpt lat="40.51932" lon="72.81261"><ele>999.2</ele><extensions><x:speed>4.75</x:speed></extensions><time>2015-10-30T04:07:26.000Z</time></trkpt><trkpt lat="40.51944" lon="72.81253"><ele>999.0</ele><extensions><x:speed>5.0</x:speed></extensions><time>2015-10-30T04:07:29.000Z</time></trkpt><trkpt lat="40.519554" lon="72.81247"><ele>996.9</ele><extensions><x:speed>6.0</x:speed></extensions><time>2015-10-30T04:07:31.000Z</time></trkpt><trkpt lat="40.519646" lon="72.81242"><ele>996.3</ele><extensions><x:speed>5.5</x:speed></extensions><time>2015-10-30T04:07:33.000Z</time></trkpt><trkpt lat="40.519764" lon="72.81236"><ele>996.2</ele><extensions><x:speed>6.25</x:speed></extensions><time>2015-10-30T04:07:35.000Z</time></trkpt><trkpt lat="40.519886" lon="72.81227"><ele>996.9</ele><extensions><x:speed>6.0</x:speed></extensions><time>2015-10-30T04:07:37.000Z</time></trkpt><trkpt lat="40.519993" lon="72.81221"><ele>997.0</ele><extensions><x:speed>6.25</x:speed></extensions><time>2015-10-30T04:07:39.000Z</time></trkpt><trkpt lat="40.52008" lon="72.81212"><ele>995.2</ele><extensions><x:speed>6.0</x:speed></extensions><time>2015-10-30T04:07:41.000Z</time></trkpt><trkpt lat="40.52023" lon="72.81205"><ele>996.5</ele><extensions><x:speed>6.0</x:speed></extensions><time>2015-10-30T04:07:44.000Z</time></trkpt><trkpt lat="40.52037" lon="72.811966"><ele>994.6</ele><extensions><x:speed>6.0</x:speed></extensions><time>2015-10-30T04:07:47.000Z</time></trkpt><trkpt lat="40.520477" lon="72.811905"><ele>997.2</ele><extensions><x:speed>6.0</x:speed></extensions><time>2015-10-30T04:07:49.000Z</time></trkpt><trkpt lat="40.520668" lon="72.81182"><ele>996.9</ele><extensions><x:speed>7.0</x:speed></extensions><time>2015-10-30T04:07:52.000Z</time></trkpt><trkpt lat="40.520817" lon="72.81175"><ele>996.6</ele><extensions><x:speed>7.75</x:speed></extensions><time>2015-10-30T04:07:54.000Z</time></trkpt><trkpt lat="40.520912" lon="72.8117"><ele>997.0</ele><extensions><x:speed>6.5</x:speed></extensions><time>2015-10-30T04:07:56.000Z</time></trkpt><trkpt lat="40.52102" lon="72.81163"><ele>996.4</ele><extensions><x:speed>6.75</x:speed></extensions><time>2015-10-30T04:07:58.000Z</time></trkpt><trkpt lat="40.521145" lon="72.81157"><ele>997.9</ele><extensions><x:speed>6.5</x:speed></extensions><time>2015-10-30T04:08:00.000Z</time></trkpt><trkpt lat="40.521244" lon="72.811516"><ele>996.7</ele><extensions><x:speed>6.75</x:speed></extensions><time>2015-10-30T04:08:02.000Z</time></trkpt><trkpt lat="40.521378" lon="72.81144"><ele>997.4</ele><extensions><x:speed>6.75</x:speed></extensions><time>2015-10-30T04:08:04.000Z</time></trkpt><trkpt lat="40.52148" lon="72.81137"><ele>996.6</ele><extensions><x:speed>6.75</x:speed></extensions><time>2015-10-30T04:08:06.000Z</time></trkpt><trkpt lat="40.5216" lon="72.811295"><ele>997.0</ele><extensions><x:speed>7.5</x:speed></extensions><time>2015-10-30T04:08:08.000Z</time></trkpt><trkpt lat="40.52174" lon="72.81123"><ele>997.9</ele><extensions><x:speed>7.25</x:speed></extensions><time>2015-10-30T04:08:10.000Z</time></trkpt><trkpt lat="40.521862" lon="72.811165"><ele>998.6</ele><extensions><x:speed>7.5</x:speed></extensions><time>2015-10-30T04:08:12.000Z</time></trkpt><trkpt lat="40.521984" lon="72.811066"><ele>999.3</ele><extensions><x:speed>7.0</x:speed></extensions><time>2015-10-30T04:08:14.000Z</time></trkpt><trkpt lat="40.522102" lon="72.811005"><ele>998.7</ele><extensions><x:speed>5.75</x:speed></extensions><time>2015-10-30T04:08:17.000Z</time></trkpt><trkpt lat="40.522217" lon="72.81095"><ele>998.0</ele><extensions><x:speed>1.5</x:speed></extensions><time>2015-10-30T04:08:21.000Z</time></trkpt><trkpt lat="40.522327" lon="72.81091"><ele>998.0</ele><extensions><x:speed>3.5</x:speed></extensions><time>2015-10-30T04:08:30.000Z</time></trkpt><trkpt lat="40.522434" lon="72.810844"><ele>998.3</ele><extensions><x:speed>4.25</x:speed></extensions><time>2015-10-30T04:08:33.000Z</time></trkpt><trkpt lat="40.52256" lon="72.81076"><ele>996.5</ele><extensions><x:speed>5.0</x:speed></extensions><time>2015-10-30T04:08:36.000Z</time></trkpt><trkpt lat="40.522675" lon="72.810684"><ele>998.1</ele><extensions><x:speed>6.0</x:speed></extensions><time>2015-10-30T04:08:38.000Z</time></trkpt><trkpt lat="40.5228" lon="72.810616"><ele>999.2</ele><extensions><x:speed>6.25</x:speed></extensions><time>2015-10-30T04:08:40.000Z</time></trkpt><trkpt lat="40.522915" lon="72.81054"><ele>999.3</ele><extensions><x:speed>6.75</x:speed></extensions><time>2015-10-30T04:08:42.000Z</time></trkpt><trkpt lat="40.523037" lon="72.81046"><ele>997.8</ele><extensions><x:speed>7.0</x:speed></extensions><time>2015-10-30T04:08:44.000Z</time></trkpt><trkpt lat="40.52317" lon="72.81033"><ele>996.4</ele><extensions><x:speed>7.0</x:speed></extensions><time>2015-10-30T04:08:47.000Z</time></trkpt><trkpt lat="40.523293" lon="72.81026"><ele>996.7</ele><extensions><x:speed>6.75</x:speed></extensions><time>2015-10-30T04:08:49.000Z</time></trkpt><trkpt lat="40.52339" lon="72.81023"><ele>997.0</ele><extensions><x:speed>6.75</x:speed></extensions><time>2015-10-30T04:08:51.000Z</time></trkpt><trkpt lat="40.523506" lon="72.81017"><ele>996.7</ele><extensions><x:speed>7.0</x:speed></extensions><time>2015-10-30T04:08:53.000Z</time></trkpt><trkpt lat="40.52364" lon="72.81008"><ele>994.8</ele><extensions><x:speed>7.5</x:speed></extensions><time>2015-10-30T04:08:55.000Z</time></trkpt><trkpt lat="40.52375" lon="72.81"><ele>995.8</ele><extensions><x:speed>7.0</x:speed></extensions><time>2015-10-30T04:08:57.000Z</time></trkpt><trkpt lat="40.523888" lon="72.80993"><ele>996.3</ele><extensions><x:speed>5.5</x:speed></extensions><time>2015-10-30T04:09:00.000Z</time></trkpt><trkpt lat="40.523983" lon="72.809875"><ele>999.0</ele><extensions><x:speed>0.25</x:speed></extensions><time>2015-10-30T04:09:06.000Z</time></trkpt><trkpt lat="40.524075" lon="72.80982"><ele>997.0</ele><extensions><x:speed>2.75</x:speed></extensions><time>2015-10-30T04:09:11.000Z</time></trkpt><trkpt lat="40.524166" lon="72.80977"><ele>998.2</ele><extensions><x:speed>4.5</x:speed></extensions><time>2015-10-30T04:09:14.000Z</time></trkpt><trkpt lat="40.524246" lon="72.8097"><ele>998.8</ele><extensions><x:speed>5.0</x:speed></extensions><time>2015-10-30T04:09:16.000Z</time></trkpt><trkpt lat="40.524372" lon="72.8096"><ele>998.7</ele><extensions><x:speed>4.25</x:speed></extensions><time>2015-10-30T04:09:20.000Z</time></trkpt><trkpt lat="40.52445" lon="72.80952"><ele>996.8</ele><extensions><x:speed>0.0</x:speed></extensions><time>2015-10-30T04:09:33.000Z</time></trkpt><trkpt lat="40.524548" lon="72.80948"><ele>999.8</ele><extensions><x:speed>3.0</x:speed></extensions><time>2015-10-30T04:09:58.000Z</time></trkpt><trkpt lat="40.524624" lon="72.80942"><ele>995.8</ele><extensions><x:speed>5.0</x:speed></extensions><time>2015-10-30T04:10:00.000Z</time></trkpt><trkpt lat="40.524708" lon="72.80933"><ele>995.7</ele><extensions><x:speed>6.75</x:speed></extensions><time>2015-10-30T04:10:01.000Z</time></trkpt><trkpt lat="40.524834" lon="72.80925"><ele>994.4</ele><extensions><x:speed>7.5</x:speed></extensions><time>2015-10-30T04:10:03.000Z</time></trkpt><trkpt lat="40.524963" lon="72.80916"><ele>994.9</ele><extensions><x:speed>7.75</x:speed></extensions><time>2015-10-30T04:10:05.000Z</time></trkpt><trkpt lat="40.52509" lon="72.80907"><ele>992.6</ele><extensions><x:speed>7.75</x:speed></extensions><time>2015-10-30T04:10:07.000Z</time></trkpt><trkpt lat="40.52522" lon="72.808975"><ele>991.3</ele><extensions><x:speed>8.0</x:speed></extensions><time>2015-10-30T04:10:09.000Z</time></trkpt><trkpt lat="40.52536" lon="72.808876"><ele>990.9</ele><extensions><x:speed>8.0</x:speed></extensions><time>2015-10-30T04:10:11.000Z</time></trkpt><trkpt lat="40.52552" lon="72.80877"><ele>997.2</ele><extensions><x:speed>7.75</x:speed></extensions><time>2015-10-30T04:10:14.000Z</time></trkpt><trkpt lat="40.52568" lon="72.80868"><ele>994.6</ele><extensions><x:speed>8.0</x:speed></extensions><time>2015-10-30T04:10:16.000Z</time></trkpt><trkpt lat="40.525833" lon="72.80861"><ele>993.7</ele><extensions><x:speed>8.25</x:speed></extensions><time>2015-10-30T04:10:18.000Z</time></trkpt><trkpt lat="40.525986" lon="72.80857"><ele>990.2</ele><extensions><x:speed>8.75</x:speed></extensions><time>2015-10-30T04:10:20.000Z</time></trkpt><trkpt lat="40.52615" lon="72.80848"><ele>989.7</ele><extensions><x:speed>9.0</x:speed></extensions><time>2015-10-30T04:10:22.000Z</time></trkpt><trkpt lat="40.526337" lon="72.808395"><ele>988.1</ele><extensions><x:speed>10.0</x:speed></extensions><time>2015-10-30T04:10:24.000Z</time></trkpt><trkpt lat="40.52653" lon="72.80826"><ele>985.8</ele><extensions><x:speed>8.75</x:speed></extensions><time>2015-10-30T04:10:27.000Z</time></trkpt><trkpt lat="40.526665" lon="72.80815"><ele>986.4</ele><extensions><x:speed>9.25</x:speed></extensions><time>2015-10-30T04:10:29.000Z</time></trkpt><trkpt lat="40.52682" lon="72.808105"><ele>987.9</ele><extensions><x:speed>8.5</x:speed></extensions><time>2015-10-30T04:10:31.000Z</time></trkpt><trkpt lat="40.526978" lon="72.80806"><ele>987.6</ele><extensions><x:speed>8.75</x:speed></extensions><time>2015-10-30T04:10:33.000Z</time></trkpt><trkpt lat="40.527214" lon="72.80806"><ele>988.2</ele><extensions><x:speed>8.75</x:speed></extensions><time>2015-10-30T04:10:36.000Z</time></trkpt><trkpt lat="40.527573" lon="72.80811"><ele>985.8</ele><extensions><x:speed>8.0</x:speed></extensions><time>2015-10-30T04:10:42.000Z</time></trkpt><trkpt lat="40.527794" lon="72.808235"><ele>985.3</ele><extensions><x:speed>8.75</x:speed></extensions><time>2015-10-30T04:10:45.000Z</time></trkpt><trkpt lat="40.528008" lon="72.80823"><ele>983.8</ele><extensions><x:speed>8.0</x:speed></extensions><time>2015-10-30T04:10:48.000Z</time></trkpt><trkpt lat="40.52821" lon="72.808205"><ele>985.7</ele><extensions><x:speed>9.75</x:speed></extensions><time>2015-10-30T04:10:50.000Z</time></trkpt><trkpt lat="40.528362" lon="72.80819"><ele>989.6</ele><extensions><x:speed>9.75</x:speed></extensions><time>2015-10-30T04:10:52.000Z</time></trkpt><trkpt lat="40.528465" lon="72.80819"><ele>992.1</ele><extensions><x:speed>9.0</x:speed></extensions><time>2015-10-30T04:10:53.000Z</time></trkpt><trkpt lat="40.528606" lon="72.808235"><ele>991.5</ele><extensions><x:speed>9.0</x:speed></extensions><time>2015-10-30T04:10:55.000Z</time></trkpt><trkpt lat="40.52875" lon="72.80826"><ele>991.2</ele><extensions><x:speed>8.5</x:speed></extensions><time>2015-10-30T04:10:57.000Z</time></trkpt><trkpt lat="40.52891" lon="72.8083"><ele>989.3</ele><extensions><x:speed>8.5</x:speed></extensions><time>2015-10-30T04:10:59.000Z</time></trkpt><trkpt lat="40.529076" lon="72.80831"><ele>988.6</ele><extensions><x:speed>8.5</x:speed></extensions><time>2015-10-30T04:11:01.000Z</time></trkpt><trkpt lat="40.52922" lon="72.808304"><ele>990.6</ele><extensions><x:speed>7.75</x:speed></extensions><time>2015-10-30T04:11:03.000Z</time></trkpt><trkpt lat="40.529366" lon="72.80833"><ele>990.7</ele><extensions><x:speed>7.0</x:speed></extensions><time>2015-10-30T04:11:05.000Z</time></trkpt><trkpt lat="40.529484" lon="72.808365"><ele>988.1</ele><extensions><x:speed>5.25</x:speed></extensions><time>2015-10-30T04:11:07.000Z</time></trkpt><trkpt lat="40.52962" lon="72.80842"><ele>990.5</ele><extensions><x:speed>1.25</x:speed></extensions><time>2015-10-30T04:11:18.000Z</time></trkpt><trkpt lat="40.52974" lon="72.808395"><ele>990.6</ele><extensions><x:speed>4.5</x:speed></extensions><time>2015-10-30T04:11:21.000Z</time></trkpt><trkpt lat="40.529884" lon="72.8084"><ele>989.2</ele><extensions><x:speed>4.5</x:speed></extensions><time>2015-10-30T04:11:24.000Z</time></trkpt><trkpt lat="40.53005" lon="72.80841"><ele>989.7</ele><extensions><x:speed>6.5</x:speed></extensions><time>2015-10-30T04:11:26.000Z</time></trkpt><trkpt lat="40.53026" lon="72.80844"><ele>989.4</ele><extensions><x:speed>7.5</x:speed></extensions><time>2015-10-30T04:11:29.000Z</time></trkpt><trkpt lat="40.5305" lon="72.808495"><ele>989.5</ele><extensions><x:speed>8.0</x:speed></extensions><time>2015-10-30T04:11:32.000Z</time></trkpt><trkpt lat="40.530685" lon="72.8086"><ele>989.7</ele><extensions><x:speed>7.25</x:speed></extensions><time>2015-10-30T04:11:36.000Z</time></trkpt><trkpt lat="40.53088" lon="72.808624"><ele>990.3</ele><extensions><x:speed>7.25</x:speed></extensions><time>2015-10-30T04:11:39.000Z</time></trkpt><trkpt lat="40.531048" lon="72.808624"><ele>989.7</ele><extensions><x:speed>7.5</x:speed></extensions><time>2015-10-30T04:11:41.000Z</time></trkpt><trkpt lat="40.531166" lon="72.8086"><ele>988.5</ele><extensions><x:speed>6.75</x:speed></extensions><time>2015-10-30T04:11:43.000Z</time></trkpt><trkpt lat="40.531326" lon="72.80862"><ele>990.3</ele><extensions><x:speed>5.75</x:speed></extensions><time>2015-10-30T04:11:46.000Z</time></trkpt><trkpt lat="40.531498" lon="72.80865"><ele>990.4</ele><extensions><x:speed>3.75</x:speed></extensions><time>2015-10-30T04:11:50.000Z</time></trkpt><trkpt lat="40.531605" lon="72.80855"><ele>990.4</ele><extensions><x:speed>2.0</x:speed></extensions><time>2015-10-30T04:12:10.000Z</time></trkpt><trkpt lat="40.531723" lon="72.80855"><ele>991.7</ele><extensions><x:speed>4.5</x:speed></extensions><time>2015-10-30T04:12:12.000Z</time></trkpt><trkpt lat="40.53183" lon="72.80854"><ele>992.8</ele><extensions><x:speed>4.75</x:speed></extensions><time>2015-10-30T04:12:14.000Z</time></trkpt><trkpt lat="40.53193" lon="72.80849"><ele>993.1</ele><extensions><x:speed>6.25</x:speed></extensions><time>2015-10-30T04:12:15.000Z</time></trkpt><trkpt lat="40.53204" lon="72.80852"><ele>990.0</ele><extensions><x:speed>7.0</x:speed></extensions><time>2015-10-30T04:12:17.000Z</time></trkpt><trkpt lat="40.53219" lon="72.808495"><ele>989.3</ele><extensions><x:speed>7.25</x:speed></extensions><time>2015-10-30T04:12:19.000Z</time></trkpt><trkpt lat="40.53232" lon="72.808495"><ele>990.3</ele><extensions><x:speed>6.5</x:speed></extensions><time>2015-10-30T04:12:21.000Z</time></trkpt><trkpt lat="40.532463" lon="72.8084"><ele>991.4</ele><extensions><x:speed>6.25</x:speed></extensions><time>2015-10-30T04:12:24.000Z</time></trkpt><trkpt lat="40.532696" lon="72.808395"><ele>986.1</ele><extensions><x:speed>6.75</x:speed></extensions><time>2015-10-30T04:12:28.000Z</time></trkpt><trkpt lat="40.53282" lon="72.80837"><ele>985.8</ele><extensions><x:speed>6.5</x:speed></extensions><time>2015-10-30T04:12:30.000Z</time></trkpt><trkpt lat="40.53299" lon="72.80833"><ele>983.2</ele><extensions><x:speed>6.5</x:speed></extensions><time>2015-10-30T04:12:33.000Z</time></trkpt><trkpt lat="40.533157" lon="72.80827"><ele>982.8</ele><extensions><x:speed>6.0</x:speed></extensions><time>2015-10-30T04:12:36.000Z</time></trkpt><trkpt lat="40.533257" lon="72.808266"><ele>985.7</ele><extensions><x:speed>1.5</x:speed></extensions><time>2015-10-30T04:12:39.000Z</time></trkpt><trkpt lat="40.53336" lon="72.80829"><ele>983.2</ele><extensions><x:speed>3.25</x:speed></extensions><time>2015-10-30T04:13:07.000Z</time></trkpt><trkpt lat="40.533447" lon="72.80826"><ele>982.7</ele><extensions><x:speed>4.25</x:speed></extensions><time>2015-10-30T04:13:09.000Z</time></trkpt><trkpt lat="40.53356" lon="72.80822"><ele>984.2</ele><extensions><x:speed>5.75</x:speed></extensions><time>2015-10-30T04:13:11.000Z</time></trkpt><trkpt lat="40.533684" lon="72.80819"><ele>983.2</ele><extensions><x:speed>5.0</x:speed></extensions><time>2015-10-30T04:13:14.000Z</time></trkpt><trkpt lat="40.5338" lon="72.80816"><ele>984.0</ele><extensions><x:speed>4.5</x:speed></extensions><time>2015-10-30T04:13:17.000Z</time></trkpt><trkpt lat="40.53391" lon="72.80812"><ele>986.2</ele><extensions><x:speed>3.25</x:speed></extensions><time>2015-10-30T04:13:20.000Z</time></trkpt><trkpt lat="40.533993" lon="72.80807"><ele>986.1</ele><extensions><x:speed>1.75</x:speed></extensions><time>2015-10-30T04:13:34.000Z</time></trkpt><trkpt lat="40.534103" lon="72.80803"><ele>989.9</ele><extensions><x:speed>2.5</x:speed></extensions><time>2015-10-30T04:13:38.000Z</time></trkpt><trkpt lat="40.5342" lon="72.80797"><ele>990.6</ele><extensions><x:speed>2.5</x:speed></extensions><time>2015-10-30T04:13:42.000Z</time></trkpt><trkpt lat="40.534306" lon="72.80792"><ele>991.6</ele><extensions><x:speed>3.75</x:speed></extensions><time>2015-10-30T04:13:45.000Z</time></trkpt><trkpt lat="40.5344" lon="72.807846"><ele>991.6</ele><extensions><x:speed>3.75</x:speed></extensions><time>2015-10-30T04:13:48.000Z</time></trkpt><trkpt lat="40.534412" lon="72.807686"><ele>989.8</ele><extensions><x:speed>3.0</x:speed></extensions><time>2015-10-30T04:13:52.000Z</time></trkpt><trkpt lat="40.534367" lon="72.80757"><ele>990.9</ele><extensions><x:speed>3.25</x:speed></extensions><time>2015-10-30T04:13:55.000Z</time></trkpt><trkpt lat="40.53433" lon="72.80741"><ele>988.4</ele><extensions><x:speed>3.25</x:speed></extensions><time>2015-10-30T04:13:59.000Z</time></trkpt><trkpt lat="40.53433" lon="72.80724"><ele>982.6</ele><extensions><x:speed>1.5</x:speed></extensions><time>2015-10-30T04:14:09.000Z</time></trkpt><trkpt lat="40.534332" lon="72.807175"><ele>993.9</ele><extensions><x:speed>1.0</x:speed></extensions><time>2015-10-30T04:14:19.000Z</time></trkpt><trkpt lat="40.534313" lon="72.80738"><ele>997.7</ele><extensions><x:speed>2.0</x:speed></extensions><time>2015-10-30T04:14:27.000Z</time></trkpt><trkpt lat="40.53437" lon="72.80724"><ele>1001.1</ele><extensions><x:speed>1.75</x:speed></extensions><time>2015-10-30T04:14:34.000Z</time></trkpt><trkpt lat="40.53437" lon="72.80706"><ele>997.0</ele><extensions><x:speed>2.5</x:speed></extensions><time>2015-10-30T04:14:38.000Z</time></trkpt><trkpt lat="40.53434" lon="72.806885"><ele>996.7</ele><extensions><x:speed>2.25</x:speed></extensions><time>2015-10-30T04:14:43.000Z</time></trkpt><trkpt lat="40.534184" lon="72.80621"><ele>999.1</ele><extensions><x:speed>2.0</x:speed></extensions><time>2015-10-30T04:15:05.000Z</time></trkpt><trkpt lat="40.534267" lon="72.80614"><ele>988.3</ele><extensions><x:speed>2.0</x:speed></extensions><time>2015-10-30T04:16:04.000Z</time></trkpt><trkpt lat="40.534286" lon="72.80599"><ele>986.6</ele><extensions><x:speed>2.25</x:speed></extensions><time>2015-10-30T04:16:08.000Z</time></trkpt><trkpt lat="40.534306" lon="72.805824"><ele>986.3</ele><extensions><x:speed>3.25</x:speed></extensions><time>2015-10-30T04:16:12.000Z</time></trkpt><trkpt lat="40.53431" lon="72.805695"><ele>986.6</ele><extensions><x:speed>4.5</x:speed></extensions><time>2015-10-30T04:16:14.000Z</time></trkpt><trkpt lat="40.53432" lon="72.80555"><ele>986.6</ele><extensions><x:speed>5.25</x:speed></extensions><time>2015-10-30T04:16:16.000Z</time></trkpt><trkpt lat="40.534336" lon="72.80538"><ele>986.7</ele><extensions><x:speed>6.75</x:speed></extensions><time>2015-10-30T04:16:17.000Z</time></trkpt><trkpt lat="40.53435" lon="72.80523"><ele>985.0</ele><extensions><x:speed>6.0</x:speed></extensions><time>2015-10-30T04:16:19.000Z</time></trkpt><trkpt lat="40.534344" lon="72.80499"><ele>986.5</ele><extensions><x:speed>5.0</x:speed></extensions><time>2015-10-30T04:16:23.000Z</time></trkpt><trkpt lat="40.53435" lon="72.80485"><ele>983.8</ele><extensions><x:speed>4.0</x:speed></extensions><time>2015-10-30T04:16:26.000Z</time></trkpt><trkpt lat="40.534374" lon="72.804726"><ele>985.2</ele><extensions><x:speed>0.0</x:speed></extensions><time>2015-10-30T04:17:02.000Z</time></trkpt><trkpt lat="40.534485" lon="72.804665"><ele>985.4</ele><extensions><x:speed>2.0</x:speed></extensions><time>2015-10-30T04:17:43.000Z</time></trkpt><trkpt lat="40.534588" lon="72.80462"><ele>986.7</ele><extensions><x:speed>1.75</x:speed></extensions><time>2015-10-30T04:17:47.000Z</time></trkpt><trkpt lat="40.534702" lon="72.80458"><ele>987.7</ele><extensions><x:speed>3.0</x:speed></extensions><time>2015-10-30T04:17:54.000Z</time></trkpt><trkpt lat="40.534817" lon="72.80456"><ele>983.9</ele><extensions><x:speed>3.75</x:speed></extensions><time>2015-10-30T04:17:57.000Z</time></trkpt><trkpt lat="40.534958" lon="72.80454"><ele>986.1</ele><extensions><x:speed>4.25</x:speed></extensions><time>2015-10-30T04:18:00.000Z</time></trkpt><trkpt lat="40.53507" lon="72.80455"><ele>985.3</ele><extensions><x:speed>2.0</x:speed></extensions><time>2015-10-30T04:18:03.000Z</time></trkpt><trkpt lat="40.53516" lon="72.804504"><ele>983.3</ele><extensions><x:speed>1.5</x:speed></extensions><time>2015-10-30T04:18:25.000Z</time></trkpt><trkpt lat="40.53526" lon="72.804474"><ele>987.8</ele><extensions><x:speed>1.75</x:speed></extensions><time>2015-10-30T04:18:31.000Z</time></trkpt><trkpt lat="40.535355" lon="72.80445"><ele>984.8</ele><extensions><x:speed>1.5</x:speed></extensions><time>2015-10-30T04:18:38.000Z</time></trkpt><trkpt lat="40.535458" lon="72.80444"><ele>985.2</ele><extensions><x:speed>1.75</x:speed></extensions><time>2015-10-30T04:18:44.000Z</time></trkpt><trkpt lat="40.53555" lon="72.80444"><ele>983.7</ele><extensions><x:speed>0.5</x:speed></extensions><time>2015-10-30T04:19:05.000Z</time></trkpt><trkpt lat="40.53564" lon="72.80446"><ele>980.3</ele><extensions><x:speed>1.5</x:speed></extensions><time>2015-10-30T04:19:11.000Z</time></trkpt><trkpt lat="40.53577" lon="72.80445"><ele>978.3</ele><extensions><x:speed>4.25</x:speed></extensions><time>2015-10-30T04:19:14.000Z</time></trkpt><trkpt lat="40.535915" lon="72.804436"><ele>975.6</ele><extensions><x:speed>5.75</x:speed></extensions><time>2015-10-30T04:19:17.000Z</time></trkpt><trkpt lat="40.536057" lon="72.80439"><ele>973.6</ele><extensions><x:speed>6.0</x:speed></extensions><time>2015-10-30T04:19:20.000Z</time></trkpt><trkpt lat="40.53617" lon="72.80435"><ele>974.9</ele><extensions><x:speed>4.5</x:speed></extensions><time>2015-10-30T04:19:23.000Z</time></trkpt><trkpt lat="40.536285" lon="72.804344"><ele>976.9</ele><extensions><x:speed>5.0</x:speed></extensions><time>2015-10-30T04:19:25.000Z</time></trkpt><trkpt lat="40.536446" lon="72.80433"><ele>977.0</ele><extensions><x:speed>5.5</x:speed></extensions><time>2015-10-30T04:19:28.000Z</time></trkpt><trkpt lat="40.536575" lon="72.80427"><ele>979.9</ele><extensions><x:speed>6.5</x:speed></extensions><time>2015-10-30T04:19:30.000Z</time></trkpt><trkpt lat="40.536724" lon="72.804245"><ele>979.2</ele><extensions><x:speed>5.0</x:speed></extensions><time>2015-10-30T04:19:33.000Z</time></trkpt><trkpt lat="40.536877" lon="72.804184"><ele>980.4</ele><extensions><x:speed>4.0</x:speed></extensions><time>2015-10-30T04:19:37.000Z</time></trkpt><trkpt lat="40.536987" lon="72.804146"><ele>984.7</ele><extensions><x:speed>1.75</x:speed></extensions><time>2015-10-30T04:19:41.000Z</time></trkpt><trkpt lat="40.537083" lon="72.80413"><ele>982.8</ele><extensions><x:speed>1.5</x:speed></extensions><time>2015-10-30T04:19:48.000Z</time></trkpt><trkpt lat="40.537178" lon="72.80409"><ele>983.1</ele><extensions><x:speed>2.0</x:speed></extensions><time>2015-10-30T04:19:53.000Z</time></trkpt><trkpt lat="40.53727" lon="72.804054"><ele>982.7</ele><extensions><x:speed>4.5</x:speed></extensions><time>2015-10-30T04:19:55.000Z</time></trkpt><trkpt lat="40.5374" lon="72.804"><ele>980.9</ele><extensions><x:speed>4.5</x:speed></extensions><time>2015-10-30T04:19:58.000Z</time></trkpt><trkpt lat="40.537518" lon="72.80396"><ele>975.3</ele><extensions><x:speed>4.5</x:speed></extensions><time>2015-10-30T04:20:01.000Z</time></trkpt><trkpt lat="40.537643" lon="72.803925"><ele>968.8</ele><extensions><x:speed>3.75</x:speed></extensions><time>2015-10-30T04:20:05.000Z</time></trkpt><trkpt lat="40.537796" lon="72.80387"><ele>970.0</ele><extensions><x:speed>5.5</x:speed></extensions><time>2015-10-30T04:20:08.000Z</time></trkpt><trkpt lat="40.537884" lon="72.803856"><ele>972.6</ele><extensions><x:speed>0.0</x:speed></extensions><time>2015-10-30T04:20:21.000Z</time></trkpt><trkpt lat="40.53799" lon="72.80385"><ele>970.7</ele><extensions><x:speed>2.75</x:speed></extensions><time>2015-10-30T04:20:45.000Z</time></trkpt><trkpt lat="40.538094" lon="72.80381"><ele>972.9</ele><extensions><x:speed>2.5</x:speed></extensions><time>2015-10-30T04:20:49.000Z</time></trkpt><trkpt lat="40.538223" lon="72.803764"><ele>972.7</ele><extensions><x:speed>3.5</x:speed></extensions><time>2015-10-30T04:20:53.000Z</time></trkpt><trkpt lat="40.538383" lon="72.80372"><ele>972.9</ele><extensions><x:speed>6.25</x:speed></extensions><time>2015-10-30T04:20:55.000Z</time></trkpt><trkpt lat="40.538517" lon="72.80368"><ele>972.1</ele><extensions><x:speed>6.75</x:speed></extensions><time>2015-10-30T04:20:57.000Z</time></trkpt><trkpt lat="40.538635" lon="72.803635"><ele>973.5</ele><extensions><x:speed>6.75</x:speed></extensions><time>2015-10-30T04:20:59.000Z</time></trkpt><trkpt lat="40.538773" lon="72.80359"><ele>975.4</ele><extensions><x:speed>6.5</x:speed></extensions><time>2015-10-30T04:21:01.000Z</time></trkpt><trkpt lat="40.53889" lon="72.80352"><ele>975.4</ele><extensions><x:speed>6.5</x:speed></extensions><time>2015-10-30T04:21:03.000Z</time></trkpt><trkpt lat="40.539036" lon="72.80351"><ele>976.6</ele><extensions><x:speed>5.5</x:speed></extensions><time>2015-10-30T04:21:06.000Z</time></trkpt><trkpt lat="40.539173" lon="72.80349"><ele>971.2</ele><extensions><x:speed>5.5</x:speed></extensions><time>2015-10-30T04:21:09.000Z</time></trkpt><trkpt lat="40.539272" lon="72.80347"><ele>971.6</ele><extensions><x:speed>1.75</x:speed></extensions><time>2015-10-30T04:21:14.000Z</time></trkpt><trkpt lat="40.53935" lon="72.80349"><ele>973.4</ele><extensions><x:speed>0.75</x:speed></extensions><time>2015-10-30T04:21:29.000Z</time></trkpt><trkpt lat="40.53938" lon="72.803505"><ele>973.1</ele><extensions><x:speed>0.0</x:speed></extensions><time>2015-10-30T04:21:37.000Z</time></trkpt><trkpt lat="40.539375" lon="72.80352"><ele>969.6</ele><extensions><x:speed>0.0</x:speed></extensions><time>2015-10-30T04:21:49.000Z</time></trkpt></trkseg></trk></gpx>
