<?xml version='1.0' encoding='UTF-8' standalone='yes' ?><gpx version="1.1" creator="GPS-Essentials/Android/com.mictale.gpsessentials/4.2.28" xmlns="http://www.topografix.com/GPX/1/1" xmlns:x="http://www.gpsessentials.com/ns/gpx-ext/1/0"><metadata><name>kg-osh-135</name><desc></desc><time>2015-10-29T09:00:57.920Z</time></metadata><wpt lat="40.52065" lon="72.80253"><ele>986.8</ele><extensions><x:speed>0.25</x:speed></extensions><time>2015-10-29T09:10:43.000Z</time><name>Track Recording Stopped</name><desc>Recording stopped at 8'43" because the user stopped it after 1.57km (77.5m gain).</desc></wpt><trk><name>Tracking android:f0503deb6017fd06</name><desc>Tracking recently started 2015/10/29 14:58</desc><number>5027</number><trkseg><trkpt lat="40.509426" lon="72.80976"><ele>1019.5</ele><extensions><x:speed>0.0</x:speed></extensions><time>2015-10-29T09:02:00.000Z</time></trkpt><trkpt lat="40.50942" lon="72.80978"><ele>1015.3</ele><extensions><x:speed>0.0</x:speed></extensions><time>2015-10-29T09:02:04.000Z</time></trkpt><trkpt lat="40.50951" lon="72.80969"><ele>1016.0</ele><extensions><x:speed>4.5</x:speed></extensions><time>2015-10-29T09:03:26.000Z</time></trkpt><trkpt lat="40.50962" lon="72.809586"><ele>1015.3</ele><extensions><x:speed>5.5</x:speed></extensions><time>2015-10-29T09:03:28.000Z</time></trkpt><trkpt lat="40.50974" lon="72.80949"><ele>1015.2</ele><extensions><x:speed>5.75</x:speed></extensions><time>2015-10-29T09:03:30.000Z</time></trkpt><trkpt lat="40.509888" lon="72.80934"><ele>1015.2</ele><extensions><x:speed>7.5</x:speed></extensions><time>2015-10-29T09:03:32.000Z</time></trkpt><trkpt lat="40.51" lon="72.80922"><ele>1014.6</ele><extensions><x:speed>7.75</x:speed></extensions><time>2015-10-29T09:03:34.000Z</time></trkpt><trkpt lat="40.51013" lon="72.809105"><ele>1014.9</ele><extensions><x:speed>7.25</x:speed></extensions><time>2015-10-29T09:03:36.000Z</time></trkpt><trkpt lat="40.510235" lon="72.80902"><ele>1016.1</ele><extensions><x:speed>6.25</x:speed></extensions><time>2015-10-29T09:03:38.000Z</time></trkpt><trkpt lat="40.51033" lon="72.80898"><ele>1016.5</ele><extensions><x:speed>5.5</x:speed></extensions><time>2015-10-29T09:03:40.000Z</time></trkpt><trkpt lat="40.51046" lon="72.808914"><ele>1015.3</ele><extensions><x:speed>4.25</x:speed></extensions><time>2015-10-29T09:03:43.000Z</time></trkpt><trkpt lat="40.510494" lon="72.80884"><ele>1017.2</ele><extensions><x:speed>1.25</x:speed></extensions><time>2015-10-29T09:03:46.000Z</time></trkpt><trkpt lat="40.510445" lon="72.80879"><ele>1010.0</ele><extensions><x:speed>0.0</x:speed></extensions><time>2015-10-29T09:04:00.000Z</time></trkpt><trkpt lat="40.51056" lon="72.80869"><ele>1004.6</ele><extensions><x:speed>4.5</x:speed></extensions><time>2015-10-29T09:04:10.000Z</time></trkpt><trkpt lat="40.510715" lon="72.80855"><ele>1005.1</ele><extensions><x:speed>5.0</x:speed></extensions><time>2015-10-29T09:04:12.000Z</time></trkpt><trkpt lat="40.5108" lon="72.80847"><ele>1006.0</ele><extensions><x:speed>5.0</x:speed></extensions><time>2015-10-29T09:04:14.000Z</time></trkpt><trkpt lat="40.51091" lon="72.80837"><ele>1006.5</ele><extensions><x:speed>6.0</x:speed></extensions><time>2015-10-29T09:04:16.000Z</time></trkpt><trkpt lat="40.511036" lon="72.80825"><ele>1008.0</ele><extensions><x:speed>6.5</x:speed></extensions><time>2015-10-29T09:04:18.000Z</time></trkpt><trkpt lat="40.511166" lon="72.80816"><ele>1008.0</ele><extensions><x:speed>6.5</x:speed></extensions><time>2015-10-29T09:04:20.000Z</time></trkpt><trkpt lat="40.511246" lon="72.80806"><ele>1008.7</ele><extensions><x:speed>7.0</x:speed></extensions><time>2015-10-29T09:04:22.000Z</time></trkpt><trkpt lat="40.5114" lon="72.80794"><ele>1007.9</ele><extensions><x:speed>8.5</x:speed></extensions><time>2015-10-29T09:04:24.000Z</time></trkpt><trkpt lat="40.511494" lon="72.807846"><ele>1008.1</ele><extensions><x:speed>8.0</x:speed></extensions><time>2015-10-29T09:04:26.000Z</time></trkpt><trkpt lat="40.511585" lon="72.80773"><ele>1010.4</ele><extensions><x:speed>7.25</x:speed></extensions><time>2015-10-29T09:04:28.000Z</time></trkpt><trkpt lat="40.5117" lon="72.807655"><ele>1009.9</ele><extensions><x:speed>6.75</x:speed></extensions><time>2015-10-29T09:04:30.000Z</time></trkpt><trkpt lat="40.511806" lon="72.80754"><ele>1009.6</ele><extensions><x:speed>6.5</x:speed></extensions><time>2015-10-29T09:04:32.000Z</time></trkpt><trkpt lat="40.511925" lon="72.80745"><ele>1010.6</ele><extensions><x:speed>2.75</x:speed></extensions><time>2015-10-29T09:04:36.000Z</time></trkpt><trkpt lat="40.51203" lon="72.80739"><ele>1004.5</ele><extensions><x:speed>2.0</x:speed></extensions><time>2015-10-29T09:04:59.000Z</time></trkpt><trkpt lat="40.512127" lon="72.807304"><ele>997.9</ele><extensions><x:speed>2.0</x:speed></extensions><time>2015-10-29T09:05:04.000Z</time></trkpt><trkpt lat="40.51225" lon="72.80718"><ele>1006.4</ele><extensions><x:speed>4.75</x:speed></extensions><time>2015-10-29T09:05:07.000Z</time></trkpt><trkpt lat="40.512405" lon="72.80708"><ele>1010.6</ele><extensions><x:speed>4.0</x:speed></extensions><time>2015-10-29T09:05:09.000Z</time></trkpt><trkpt lat="40.512493" lon="72.807"><ele>1012.3</ele><extensions><x:speed>4.25</x:speed></extensions><time>2015-10-29T09:05:26.000Z</time></trkpt><trkpt lat="40.51258" lon="72.80693"><ele>1013.5</ele><extensions><x:speed>5.75</x:speed></extensions><time>2015-10-29T09:05:28.000Z</time></trkpt><trkpt lat="40.51279" lon="72.806755"><ele>1011.1</ele><extensions><x:speed>9.5</x:speed></extensions><time>2015-10-29T09:05:31.000Z</time></trkpt><trkpt lat="40.51293" lon="72.80663"><ele>1010.5</ele><extensions><x:speed>9.5</x:speed></extensions><time>2015-10-29T09:05:33.000Z</time></trkpt><trkpt lat="40.51305" lon="72.80644"><ele>1011.0</ele><extensions><x:speed>10.0</x:speed></extensions><time>2015-10-29T09:05:35.000Z</time></trkpt><trkpt lat="40.513187" lon="72.806366"><ele>1011.3</ele><extensions><x:speed>11.25</x:speed></extensions><time>2015-10-29T09:05:36.000Z</time></trkpt><trkpt lat="40.513332" lon="72.8063"><ele>1010.4</ele><extensions><x:speed>12.25</x:speed></extensions><time>2015-10-29T09:05:37.000Z</time></trkpt><trkpt lat="40.51344" lon="72.80621"><ele>1012.3</ele><extensions><x:speed>11.0</x:speed></extensions><time>2015-10-29T09:05:38.000Z</time></trkpt><trkpt lat="40.513588" lon="72.806046"><ele>1011.1</ele><extensions><x:speed>11.0</x:speed></extensions><time>2015-10-29T09:05:40.000Z</time></trkpt><trkpt lat="40.513916" lon="72.80572"><ele>1015.9</ele><extensions><x:speed>8.0</x:speed></extensions><time>2015-10-29T09:05:45.000Z</time></trkpt><trkpt lat="40.51403" lon="72.80561"><ele>1013.9</ele><extensions><x:speed>5.25</x:speed></extensions><time>2015-10-29T09:05:48.000Z</time></trkpt><trkpt lat="40.514194" lon="72.80548"><ele>1010.9</ele><extensions><x:speed>5.75</x:speed></extensions><time>2015-10-29T09:05:51.000Z</time></trkpt><trkpt lat="40.514275" lon="72.80534"><ele>1005.1</ele><extensions><x:speed>2.25</x:speed></extensions><time>2015-10-29T09:06:20.000Z</time></trkpt><trkpt lat="40.51443" lon="72.805244"><ele>1003.7</ele><extensions><x:speed>4.0</x:speed></extensions><time>2015-10-29T09:06:24.000Z</time></trkpt><trkpt lat="40.514534" lon="72.80513"><ele>1001.6</ele><extensions><x:speed>4.0</x:speed></extensions><time>2015-10-29T09:06:27.000Z</time></trkpt><trkpt lat="40.51464" lon="72.80499"><ele>1000.3</ele><extensions><x:speed>3.75</x:speed></extensions><time>2015-10-29T09:06:31.000Z</time></trkpt><trkpt lat="40.51476" lon="72.80484"><ele>1004.0</ele><extensions><x:speed>7.25</x:speed></extensions><time>2015-10-29T09:06:34.000Z</time></trkpt><trkpt lat="40.51489" lon="72.80475"><ele>1003.2</ele><extensions><x:speed>8.25</x:speed></extensions><time>2015-10-29T09:06:36.000Z</time></trkpt><trkpt lat="40.515125" lon="72.80471"><ele>999.9</ele><extensions><x:speed>8.75</x:speed></extensions><time>2015-10-29T09:06:38.000Z</time></trkpt><trkpt lat="40.51527" lon="72.80462"><ele>1000.3</ele><extensions><x:speed>8.0</x:speed></extensions><time>2015-10-29T09:06:40.000Z</time></trkpt><trkpt lat="40.51547" lon="72.8045"><ele>996.8</ele><extensions><x:speed>5.0</x:speed></extensions><time>2015-10-29T09:06:44.000Z</time></trkpt><trkpt lat="40.51554" lon="72.80435"><ele>999.1</ele><extensions><x:speed>3.25</x:speed></extensions><time>2015-10-29T09:07:10.000Z</time></trkpt><trkpt lat="40.515636" lon="72.804214"><ele>1002.0</ele><extensions><x:speed>3.5</x:speed></extensions><time>2015-10-29T09:07:14.000Z</time></trkpt><trkpt lat="40.515713" lon="72.804115"><ele>1002.1</ele><extensions><x:speed>1.5</x:speed></extensions><time>2015-10-29T09:07:21.000Z</time></trkpt><trkpt lat="40.51581" lon="72.80402"><ele>1001.9</ele><extensions><x:speed>3.75</x:speed></extensions><time>2015-10-29T09:07:24.000Z</time></trkpt><trkpt lat="40.51592" lon="72.80389"><ele>1000.1</ele><extensions><x:speed>4.0</x:speed></extensions><time>2015-10-29T09:07:28.000Z</time></trkpt><trkpt lat="40.51607" lon="72.80374"><ele>1000.1</ele><extensions><x:speed>6.5</x:speed></extensions><time>2015-10-29T09:07:31.000Z</time></trkpt><trkpt lat="40.516197" lon="72.803635"><ele>1000.6</ele><extensions><x:speed>7.5</x:speed></extensions><time>2015-10-29T09:07:33.000Z</time></trkpt><trkpt lat="40.51632" lon="72.80351"><ele>1000.8</ele><extensions><x:speed>7.5</x:speed></extensions><time>2015-10-29T09:07:35.000Z</time></trkpt><trkpt lat="40.51644" lon="72.80336"><ele>998.8</ele><extensions><x:speed>6.75</x:speed></extensions><time>2015-10-29T09:07:37.000Z</time></trkpt><trkpt lat="40.516594" lon="72.803276"><ele>997.1</ele><extensions><x:speed>5.75</x:speed></extensions><time>2015-10-29T09:07:39.000Z</time></trkpt><trkpt lat="40.5167" lon="72.80316"><ele>997.5</ele><extensions><x:speed>5.5</x:speed></extensions><time>2015-10-29T09:07:42.000Z</time></trkpt><trkpt lat="40.516792" lon="72.80306"><ele>997.0</ele><extensions><x:speed>4.0</x:speed></extensions><time>2015-10-29T09:07:45.000Z</time></trkpt><trkpt lat="40.516888" lon="72.80297"><ele>995.7</ele><extensions><x:speed>1.5</x:speed></extensions><time>2015-10-29T09:07:56.000Z</time></trkpt><trkpt lat="40.517002" lon="72.80286"><ele>995.9</ele><extensions><x:speed>2.25</x:speed></extensions><time>2015-10-29T09:08:03.000Z</time></trkpt><trkpt lat="40.517097" lon="72.802765"><ele>991.5</ele><extensions><x:speed>6.0</x:speed></extensions><time>2015-10-29T09:08:05.000Z</time></trkpt><trkpt lat="40.517403" lon="72.802536"><ele>991.4</ele><extensions><x:speed>10.25</x:speed></extensions><time>2015-10-29T09:08:08.000Z</time></trkpt><trkpt lat="40.51765" lon="72.80232"><ele>991.8</ele><extensions><x:speed>10.0</x:speed></extensions><time>2015-10-29T09:08:11.000Z</time></trkpt><trkpt lat="40.517746" lon="72.80221"><ele>993.7</ele><extensions><x:speed>7.25</x:speed></extensions><time>2015-10-29T09:08:13.000Z</time></trkpt><trkpt lat="40.51786" lon="72.80213"><ele>992.9</ele><extensions><x:speed>6.75</x:speed></extensions><time>2015-10-29T09:08:15.000Z</time></trkpt><trkpt lat="40.51801" lon="72.80205"><ele>994.9</ele><extensions><x:speed>6.0</x:speed></extensions><time>2015-10-29T09:08:18.000Z</time></trkpt><trkpt lat="40.518143" lon="72.80196"><ele>995.2</ele><extensions><x:speed>6.75</x:speed></extensions><time>2015-10-29T09:08:20.000Z</time></trkpt><trkpt lat="40.518227" lon="72.80183"><ele>998.1</ele><extensions><x:speed>7.0</x:speed></extensions><time>2015-10-29T09:08:22.000Z</time></trkpt><trkpt lat="40.518345" lon="72.80169"><ele>995.8</ele><extensions><x:speed>6.0</x:speed></extensions><time>2015-10-29T09:08:25.000Z</time></trkpt><trkpt lat="40.518444" lon="72.8016"><ele>1003.4</ele><extensions><x:speed>4.25</x:speed></extensions><time>2015-10-29T09:08:28.000Z</time></trkpt><trkpt lat="40.51861" lon="72.80157"><ele>1001.4</ele><extensions><x:speed>1.5</x:speed></extensions><time>2015-10-29T09:09:02.000Z</time></trkpt><trkpt lat="40.518795" lon="72.801636"><ele>1001.7</ele><extensions><x:speed>3.0</x:speed></extensions><time>2015-10-29T09:09:08.000Z</time></trkpt><trkpt lat="40.518875" lon="72.80177"><ele>1002.8</ele><extensions><x:speed>3.25</x:speed></extensions><time>2015-10-29T09:09:12.000Z</time></trkpt><trkpt lat="40.51895" lon="72.80196"><ele>1003.6</ele><extensions><x:speed>4.75</x:speed></extensions><time>2015-10-29T09:09:15.000Z</time></trkpt><trkpt lat="40.519054" lon="72.802124"><ele>1003.3</ele><extensions><x:speed>4.0</x:speed></extensions><time>2015-10-29T09:09:19.000Z</time></trkpt><trkpt lat="40.51914" lon="72.80224"><ele>1000.2</ele><extensions><x:speed>4.75</x:speed></extensions><time>2015-10-29T09:09:21.000Z</time></trkpt><trkpt lat="40.51922" lon="72.8024"><ele>998.7</ele><extensions><x:speed>4.75</x:speed></extensions><time>2015-10-29T09:09:24.000Z</time></trkpt><trkpt lat="40.519306" lon="72.80255"><ele>996.3</ele><extensions><x:speed>4.75</x:speed></extensions><time>2015-10-29T09:09:27.000Z</time></trkpt><trkpt lat="40.519386" lon="72.80268"><ele>996.2</ele><extensions><x:speed>4.5</x:speed></extensions><time>2015-10-29T09:09:30.000Z</time></trkpt><trkpt lat="40.519444" lon="72.802826"><ele>998.0</ele><extensions><x:speed>3.5</x:speed></extensions><time>2015-10-29T09:09:34.000Z</time></trkpt><trkpt lat="40.519493" lon="72.80295"><ele>993.1</ele><extensions><x:speed>1.75</x:speed></extensions><time>2015-10-29T09:09:40.000Z</time></trkpt><trkpt lat="40.519585" lon="72.80306"><ele>991.8</ele><extensions><x:speed>2.25</x:speed></extensions><time>2015-10-29T09:09:52.000Z</time></trkpt><trkpt lat="40.519688" lon="72.80313"><ele>990.2</ele><extensions><x:speed>3.25</x:speed></extensions><time>2015-10-29T09:09:55.000Z</time></trkpt><trkpt lat="40.519833" lon="72.8032"><ele>985.6</ele><extensions><x:speed>5.5</x:speed></extensions><time>2015-10-29T09:09:56.000Z</time></trkpt><trkpt lat="40.51993" lon="72.80313"><ele>985.0</ele><extensions><x:speed>7.0</x:speed></extensions><time>2015-10-29T09:09:58.000Z</time></trkpt><trkpt lat="40.520054" lon="72.80301"><ele>981.5</ele><extensions><x:speed>8.25</x:speed></extensions><time>2015-10-29T09:10:00.000Z</time></trkpt><trkpt lat="40.520176" lon="72.80291"><ele>983.1</ele><extensions><x:speed>7.5</x:speed></extensions><time>2015-10-29T09:10:02.000Z</time></trkpt><trkpt lat="40.520283" lon="72.80283"><ele>978.7</ele><extensions><x:speed>6.0</x:speed></extensions><time>2015-10-29T09:10:04.000Z</time></trkpt><trkpt lat="40.52036" lon="72.802734"><ele>975.9</ele><extensions><x:speed>4.0</x:speed></extensions><time>2015-10-29T09:10:07.000Z</time></trkpt><trkpt lat="40.520473" lon="72.80264"><ele>980.4</ele><extensions><x:speed>1.25</x:speed></extensions><time>2015-10-29T09:10:13.000Z</time></trkpt><trkpt lat="40.5206" lon="72.802536"><ele>982.1</ele><extensions><x:speed>3.0</x:speed></extensions><time>2015-10-29T09:10:24.000Z</time></trkpt><trkpt lat="40.52065" lon="72.80253"><ele>986.8</ele><extensions><x:speed>0.25</x:speed></extensions><time>2015-10-29T09:10:43.000Z</time></trkpt></trkseg></trk></gpx>
